deal_id,customer_id,deal_name,stage,source,sales_rep,deal_value,probability,created_date,expected_close_date,weighted_value,days_in_pipeline
DEAL00001,CUST00511,Deal_1,Closed Lost,Outbound,Rep_5,17179.94,1.0,2026-04-18,2026-08-02,17179.94,7
DEAL00002,CUST00108,Deal_2,Closed Won,Partner,Rep_4,41200.52,0.1,2025-05-02,2026-05-10,4120.05,358
DEAL00003,CUST00904,Deal_3,Proposal,Referral,Rep_5,126782.07,1.0,2024-08-15,2026-09-10,126782.07,618
DEAL00004,CUST00105,Deal_4,Closed Won,Inbound,Rep_12,132276.44,0.0,2025-10-18,2026-08-05,0.0,189
DEAL00005,CUST00555,Deal_5,Proposal,Referral,Rep_12,36976.41,0.25,2025-08-29,2026-06-30,9244.1,239
DEAL00006,CUST00289,Deal_6,Prospecting,Outbound,Rep_1,189918.56,0.0,2025-09-18,2026-05-14,0.0,219
DEAL00007,CUST00427,Deal_7,Proposal,Partner,Rep_10,39482.92,0.25,2025-06-10,2026-05-27,9870.73,319
DEAL00008,CUST00723,Deal_8,Closed Won,Outbound,Rep_7,40557.03,0.9,2024-12-16,2026-09-09,36501.33,495
DEAL00009,CUST00631,Deal_9,Closed Won,Referral,Rep_10,128931.79,0.9,2026-03-14,2026-06-18,116038.61,42
DEAL00010,CUST00926,Deal_10,Negotiation,Inbound,Rep_9,87185.42,1.0,2025-12-20,2026-10-01,87185.42,126
DEAL00011,CUST00290,Deal_11,Proposal,Referral,Rep_5,10072.27,0.1,2024-10-10,2026-06-08,1007.23,562
DEAL00012,CUST00334,Deal_12,Prospecting,Referral,Rep_3,184499.23,0.75,2025-12-13,2026-08-04,138374.42,133
DEAL00013,CUST00868,Deal_13,Qualification,Partner,Rep_9,19652.66,1.0,2024-08-11,2026-05-25,19652.66,622
DEAL00014,CUST00020,Deal_14,Closed Lost,Outbound,Rep_6,35481.87,1.0,2025-02-23,2026-08-25,35481.87,426
DEAL00015,CUST00983,Deal_15,Closed Won,Partner,Rep_12,179935.28,0.1,2024-09-28,2026-07-21,17993.53,574
DEAL00016,CUST00318,Deal_16,Closed Won,Referral,Rep_6,58685.79,0.1,2026-01-25,2026-10-21,5868.58,90
DEAL00017,CUST00463,Deal_17,Closed Won,Inbound,Rep_10,164447.4,1.0,2025-02-05,2026-09-09,164447.4,444
DEAL00018,CUST00002,Deal_18,Negotiation,Inbound,Rep_10,38289.3,0.0,2025-02-01,2026-04-30,0.0,448
DEAL00019,CUST00216,Deal_19,Negotiation,Partner,Rep_13,14395.92,0.0,2025-02-09,2026-08-31,0.0,440
DEAL00020,CUST00600,Deal_20,Proposal,Inbound,Rep_3,50772.49,0.75,2024-05-02,2026-08-13,38079.37,723
DEAL00021,CUST00253,Deal_21,Proposal,Inbound,Rep_14,149693.09,0.1,2024-06-03,2026-10-15,14969.31,691
DEAL00022,CUST00223,Deal_22,Closed Won,Inbound,Rep_1,134205.69,0.1,2026-04-06,2026-08-10,13420.57,19
DEAL00023,CUST00208,Deal_23,Proposal,Referral,Rep_4,65570.79,0.5,2024-09-05,2026-07-07,32785.39,597
DEAL00024,CUST00630,Deal_24,Closed Won,Inbound,Rep_14,128528.58,0.0,2026-02-08,2026-08-07,0.0,76
DEAL00025,CUST00068,Deal_25,Closed Won,Partner,Rep_4,134671.64,0.75,2026-04-04,2026-09-29,101003.73,21
DEAL00026,CUST00226,Deal_26,Closed Won,Inbound,Rep_3,115113.1,0.25,2025-02-28,2026-08-19,28778.28,421
DEAL00027,CUST00591,Deal_27,Prospecting,Referral,Rep_13,187427.22,0.9,2025-06-11,2026-07-12,168684.5,318
DEAL00028,CUST00339,Deal_28,Prospecting,Referral,Rep_14,159756.06,0.25,2024-12-10,2026-07-21,39939.02,501
DEAL00029,CUST00659,Deal_29,Qualification,Inbound,Rep_11,164114.98,1.0,2024-07-24,2026-06-26,164114.98,640
DEAL00030,CUST00368,Deal_30,Closed Won,Partner,Rep_5,88049.4,0.0,2026-01-02,2026-07-07,0.0,113
DEAL00031,CUST00492,Deal_31,Closed Won,Inbound,Rep_13,138360.39,0.25,2024-07-20,2026-08-31,34590.1,644
DEAL00032,CUST00547,Deal_32,Prospecting,Outbound,Rep_14,40753.5,0.9,2025-01-24,2026-08-28,36678.15,456
DEAL00033,CUST00660,Deal_33,Qualification,Partner,Rep_9,62711.21,0.9,2025-12-19,2026-05-14,56440.09,127
DEAL00034,CUST00359,Deal_34,Closed Won,Partner,Rep_9,102971.81,0.1,2025-10-22,2026-05-23,10297.18,185
DEAL00035,CUST00297,Deal_35,Qualification,Partner,Rep_8,164168.71,0.75,2025-11-15,2026-10-03,123126.53,161
DEAL00036,CUST00634,Deal_36,Closed Lost,Partner,Rep_12,70701.77,1.0,2026-04-05,2026-09-01,70701.77,20
DEAL00037,CUST00413,Deal_37,Proposal,Partner,Rep_10,90763.98,1.0,2024-12-23,2026-06-17,90763.98,488
DEAL00038,CUST00399,Deal_38,Closed Lost,Inbound,Rep_6,191681.57,0.9,2025-05-26,2026-07-22,172513.41,334
DEAL00039,CUST00980,Deal_39,Proposal,Inbound,Rep_13,60399.11,0.75,2025-01-09,2026-05-12,45299.33,471
DEAL00040,CUST00544,Deal_40,Qualification,Partner,Rep_4,125522.73,0.0,2024-10-19,2026-05-24,0.0,553
DEAL00041,CUST00653,Deal_41,Proposal,Partner,Rep_14,24606.02,0.0,2025-10-09,2026-05-02,0.0,198
DEAL00042,CUST00391,Deal_42,Closed Won,Outbound,Rep_2,85276.83,0.1,2025-11-17,2026-10-11,8527.68,159
DEAL00043,CUST00890,Deal_43,Qualification,Referral,Rep_12,69367.54,1.0,2025-06-03,2026-09-28,69367.54,326
DEAL00044,CUST00822,Deal_44,Negotiation,Referral,Rep_13,7549.07,1.0,2026-03-08,2026-06-14,7549.07,48
DEAL00045,CUST00528,Deal_45,Proposal,Partner,Rep_10,119116.07,0.25,2024-06-08,2026-07-16,29779.02,686
DEAL00046,CUST00266,Deal_46,Closed Lost,Partner,Rep_3,69627.32,1.0,2025-10-30,2026-08-22,69627.32,177
DEAL00047,CUST00249,Deal_47,Qualification,Referral,Rep_9,54076.42,0.9,2025-06-08,2026-08-03,48668.78,321
DEAL00048,CUST00184,Deal_48,Proposal,Inbound,Rep_1,179056.4,1.0,2024-10-18,2026-09-23,179056.4,554
DEAL00049,CUST00194,Deal_49,Prospecting,Outbound,Rep_7,49775.97,0.9,2025-05-12,2026-09-09,44798.37,348
DEAL00050,CUST00499,Deal_50,Negotiation,Outbound,Rep_10,84069.69,0.1,2026-04-02,2026-09-15,8406.97,23
DEAL00051,CUST00678,Deal_51,Proposal,Partner,Rep_6,190138.65,0.75,2025-09-21,2026-08-23,142603.99,216
DEAL00052,CUST00053,Deal_52,Prospecting,Inbound,Rep_2,20659.87,0.75,2024-06-11,2026-06-13,15494.9,683
DEAL00053,CUST00082,Deal_53,Closed Won,Inbound,Rep_5,187994.77,1.0,2024-09-20,2026-06-04,187994.77,582
DEAL00054,CUST00546,Deal_54,Proposal,Inbound,Rep_2,81091.88,0.5,2024-12-10,2026-06-17,40545.94,501
DEAL00055,CUST00853,Deal_55,Proposal,Inbound,Rep_14,159230.88,0.25,2024-05-12,2026-06-07,39807.72,713
DEAL00056,CUST00085,Deal_56,Proposal,Partner,Rep_9,74399.9,0.5,2025-08-18,2026-06-23,37199.95,250
DEAL00057,CUST00385,Deal_57,Proposal,Referral,Rep_5,86032.33,0.75,2024-12-23,2026-07-02,64524.25,488
DEAL00058,CUST00719,Deal_58,Prospecting,Partner,Rep_6,90366.83,0.5,2026-01-02,2026-07-12,45183.42,113
DEAL00059,CUST00714,Deal_59,Closed Won,Outbound,Rep_4,189627.64,0.75,2024-10-04,2026-05-17,142220.73,568
DEAL00060,CUST00571,Deal_60,Qualification,Outbound,Rep_15,112299.61,0.9,2024-05-26,2026-07-27,101069.65,699
DEAL00061,CUST00867,Deal_61,Closed Won,Partner,Rep_1,47290.84,0.0,2024-08-24,2026-07-04,0.0,609
DEAL00062,CUST00025,Deal_62,Prospecting,Outbound,Rep_15,124244.65,0.0,2025-07-07,2026-05-14,0.0,292
DEAL00063,CUST00928,Deal_63,Proposal,Referral,Rep_3,178446.88,0.1,2025-05-24,2026-06-02,17844.69,336
DEAL00064,CUST00543,Deal_64,Closed Lost,Referral,Rep_5,46804.29,1.0,2025-12-30,2026-04-27,46804.29,116
DEAL00065,CUST00586,Deal_65,Proposal,Partner,Rep_3,70823.22,0.5,2026-03-23,2026-04-27,35411.61,33
DEAL00066,CUST00893,Deal_66,Qualification,Outbound,Rep_8,116435.28,1.0,2025-04-09,2026-09-30,116435.28,381
DEAL00067,CUST00003,Deal_67,Prospecting,Referral,Rep_2,197515.3,0.9,2025-06-20,2026-05-01,177763.77,309
DEAL00068,CUST00854,Deal_68,Closed Won,Referral,Rep_12,95745.0,0.0,2025-11-03,2026-08-31,0.0,173
DEAL00069,CUST00614,Deal_69,Qualification,Outbound,Rep_15,118948.06,0.9,2024-08-28,2026-09-26,107053.25,605
DEAL00070,CUST00194,Deal_70,Closed Lost,Inbound,Rep_2,31385.16,0.1,2025-05-10,2026-07-03,3138.52,350
DEAL00071,CUST00727,Deal_71,Qualification,Outbound,Rep_1,152840.24,0.1,2026-02-13,2026-10-08,15284.02,71
DEAL00072,CUST00633,Deal_72,Proposal,Partner,Rep_12,47874.81,0.0,2025-04-19,2026-08-10,0.0,371
DEAL00073,CUST00937,Deal_73,Proposal,Inbound,Rep_14,68944.71,0.9,2024-05-20,2026-04-27,62050.24,705
DEAL00074,CUST00872,Deal_74,Prospecting,Partner,Rep_1,143365.18,1.0,2026-02-04,2026-04-26,143365.18,80
DEAL00075,CUST00830,Deal_75,Proposal,Referral,Rep_4,143969.61,0.9,2026-03-31,2026-10-16,129572.65,25
DEAL00076,CUST00693,Deal_76,Negotiation,Inbound,Rep_8,67165.98,0.5,2025-04-18,2026-07-29,33582.99,372
DEAL00077,CUST00856,Deal_77,Closed Won,Partner,Rep_8,170811.76,0.5,2026-04-22,2026-05-14,85405.88,3
DEAL00078,CUST00992,Deal_78,Proposal,Partner,Rep_8,159967.52,0.0,2024-05-31,2026-05-21,0.0,694
DEAL00079,CUST00377,Deal_79,Closed Won,Partner,Rep_11,125076.9,0.25,2025-05-19,2026-07-17,31269.22,341
DEAL00080,CUST00545,Deal_80,Closed Won,Inbound,Rep_1,39846.0,0.0,2025-07-06,2026-05-13,0.0,293
DEAL00081,CUST00753,Deal_81,Qualification,Partner,Rep_14,181451.59,0.25,2025-09-03,2026-06-26,45362.9,234
DEAL00082,CUST00091,Deal_82,Proposal,Inbound,Rep_1,107847.19,0.9,2024-11-25,2026-06-06,97062.47,516
DEAL00083,CUST00653,Deal_83,Prospecting,Inbound,Rep_7,78398.8,0.25,2024-10-16,2026-09-04,19599.7,556
DEAL00084,CUST00485,Deal_84,Prospecting,Partner,Rep_7,185819.69,0.9,2025-08-20,2026-08-21,167237.72,248
DEAL00085,CUST00551,Deal_85,Closed Won,Referral,Rep_10,194469.68,0.1,2024-08-16,2026-09-19,19446.97,617
DEAL00086,CUST00029,Deal_86,Proposal,Outbound,Rep_14,144852.59,0.1,2025-02-21,2026-08-14,14485.26,428
DEAL00087,CUST00105,Deal_87,Negotiation,Outbound,Rep_5,159318.28,0.5,2025-09-09,2026-07-07,79659.14,228
DEAL00088,CUST00025,Deal_88,Closed Won,Inbound,Rep_8,53119.13,1.0,2024-09-25,2026-09-21,53119.13,577
DEAL00089,CUST00494,Deal_89,Qualification,Partner,Rep_6,55465.12,0.75,2025-01-30,2026-06-01,41598.84,450
DEAL00090,CUST00275,Deal_90,Proposal,Outbound,Rep_1,115993.94,0.0,2025-06-18,2026-07-25,0.0,311
DEAL00091,CUST00449,Deal_91,Negotiation,Outbound,Rep_14,196724.61,0.0,2025-01-26,2026-09-11,0.0,454
DEAL00092,CUST00099,Deal_92,Prospecting,Partner,Rep_7,149928.76,1.0,2025-01-28,2026-08-05,149928.76,452
DEAL00093,CUST00528,Deal_93,Closed Won,Outbound,Rep_15,150468.14,0.9,2024-06-28,2026-06-24,135421.33,666
DEAL00094,CUST00584,Deal_94,Qualification,Partner,Rep_8,55231.51,1.0,2025-03-07,2026-08-01,55231.51,414
DEAL00095,CUST00199,Deal_95,Negotiation,Outbound,Rep_12,86857.49,0.5,2025-03-20,2026-06-11,43428.74,401
DEAL00096,CUST00597,Deal_96,Closed Lost,Referral,Rep_8,71793.27,0.25,2025-12-16,2026-09-16,17948.32,130
DEAL00097,CUST00971,Deal_97,Proposal,Partner,Rep_10,63940.25,0.9,2024-07-19,2026-06-15,57546.22,645
DEAL00098,CUST00730,Deal_98,Qualification,Outbound,Rep_13,147564.78,0.5,2024-12-19,2026-06-09,73782.39,492
DEAL00099,CUST00956,Deal_99,Qualification,Inbound,Rep_15,24471.55,0.25,2024-11-10,2026-06-19,6117.89,531
DEAL00100,CUST00463,Deal_100,Prospecting,Partner,Rep_9,37261.23,0.9,2024-08-07,2026-05-23,33535.11,626
DEAL00101,CUST00697,Deal_101,Closed Won,Outbound,Rep_3,85397.67,0.5,2025-11-21,2026-07-06,42698.84,155
DEAL00102,CUST00173,Deal_102,Qualification,Referral,Rep_14,64031.94,0.75,2025-06-15,2026-10-20,48023.96,314
DEAL00103,CUST00436,Deal_103,Qualification,Outbound,Rep_2,181157.37,0.5,2024-11-14,2026-08-29,90578.68,527
DEAL00104,CUST00262,Deal_104,Closed Won,Inbound,Rep_8,44086.46,0.9,2024-10-17,2026-09-25,39677.81,555
DEAL00105,CUST00444,Deal_105,Qualification,Partner,Rep_14,53524.41,0.25,2025-10-27,2026-07-08,13381.1,180
DEAL00106,CUST00293,Deal_106,Negotiation,Referral,Rep_11,39726.54,0.9,2026-02-05,2026-05-23,35753.89,79
DEAL00107,CUST00822,Deal_107,Proposal,Outbound,Rep_4,172378.29,0.0,2026-02-04,2026-05-02,0.0,80
DEAL00108,CUST00511,Deal_108,Qualification,Inbound,Rep_2,44401.5,0.9,2024-06-11,2026-05-19,39961.35,683
DEAL00109,CUST00004,Deal_109,Proposal,Inbound,Rep_2,73655.24,0.5,2026-02-01,2026-09-20,36827.62,83
DEAL00110,CUST00467,Deal_110,Qualification,Inbound,Rep_2,135515.71,0.9,2025-05-21,2026-04-28,121964.14,339
DEAL00111,CUST00175,Deal_111,Closed Won,Outbound,Rep_5,20138.21,1.0,2025-12-28,2026-05-30,20138.21,118
DEAL00112,CUST00341,Deal_112,Prospecting,Referral,Rep_14,164246.58,0.1,2024-12-21,2026-10-12,16424.66,490
DEAL00113,CUST00677,Deal_113,Prospecting,Outbound,Rep_13,142718.88,0.0,2024-11-18,2026-07-16,0.0,523
DEAL00114,CUST00747,Deal_114,Proposal,Referral,Rep_8,55902.34,0.75,2025-08-21,2026-09-25,41926.75,247
DEAL00115,CUST00466,Deal_115,Qualification,Partner,Rep_9,81399.94,0.25,2026-04-16,2026-05-30,20349.98,9
DEAL00116,CUST00170,Deal_116,Closed Won,Referral,Rep_11,125913.71,0.75,2026-01-04,2026-09-22,94435.28,111
DEAL00117,CUST00688,Deal_117,Proposal,Inbound,Rep_6,189559.2,0.0,2025-03-31,2026-10-10,0.0,390
DEAL00118,CUST00740,Deal_118,Qualification,Inbound,Rep_8,127705.79,1.0,2024-07-01,2026-07-08,127705.79,663
DEAL00119,CUST00701,Deal_119,Proposal,Inbound,Rep_15,54342.75,0.0,2025-04-29,2026-07-26,0.0,361
DEAL00120,CUST00446,Deal_120,Qualification,Outbound,Rep_6,99086.87,0.5,2024-07-04,2026-10-13,49543.44,660
DEAL00121,CUST00951,Deal_121,Qualification,Partner,Rep_1,92674.88,0.5,2024-07-31,2026-06-13,46337.44,633
DEAL00122,CUST00933,Deal_122,Negotiation,Referral,Rep_11,108858.44,1.0,2026-01-05,2026-05-03,108858.44,110
DEAL00123,CUST00527,Deal_123,Closed Won,Inbound,Rep_9,106214.53,0.0,2024-10-05,2026-10-16,0.0,567
DEAL00124,CUST00998,Deal_124,Proposal,Partner,Rep_10,75990.21,0.1,2025-12-17,2026-08-15,7599.02,129
DEAL00125,CUST00766,Deal_125,Qualification,Partner,Rep_7,175006.18,0.5,2025-05-25,2026-10-10,87503.09,335
DEAL00126,CUST00571,Deal_126,Closed Won,Outbound,Rep_2,69371.69,0.0,2024-07-08,2026-05-07,0.0,656
DEAL00127,CUST00959,Deal_127,Prospecting,Referral,Rep_3,108340.71,1.0,2024-05-23,2026-07-14,108340.71,702
DEAL00128,CUST00759,Deal_128,Qualification,Partner,Rep_2,55868.31,0.5,2025-09-21,2026-08-04,27934.16,216
DEAL00129,CUST00962,Deal_129,Proposal,Referral,Rep_9,89786.32,0.0,2025-09-29,2026-06-29,0.0,208
DEAL00130,CUST00298,Deal_130,Negotiation,Outbound,Rep_8,137871.23,0.0,2024-07-06,2026-10-02,0.0,658
DEAL00131,CUST00884,Deal_131,Qualification,Referral,Rep_5,152781.94,0.0,2024-11-28,2026-07-11,0.0,513
DEAL00132,CUST00510,Deal_132,Proposal,Outbound,Rep_4,162213.33,0.5,2024-08-20,2026-05-21,81106.66,613
DEAL00133,CUST00159,Deal_133,Negotiation,Inbound,Rep_7,148680.79,0.75,2024-10-28,2026-06-13,111510.59,544
DEAL00134,CUST00774,Deal_134,Proposal,Referral,Rep_14,96017.29,0.1,2025-01-05,2026-06-22,9601.73,475
DEAL00135,CUST00787,Deal_135,Negotiation,Outbound,Rep_14,12306.34,0.9,2024-07-05,2026-08-02,11075.71,659
DEAL00136,CUST00678,Deal_136,Negotiation,Partner,Rep_9,107275.95,0.25,2024-11-23,2026-07-11,26818.99,518
DEAL00137,CUST00634,Deal_137,Proposal,Inbound,Rep_8,15754.38,1.0,2024-07-05,2026-09-26,15754.38,659
DEAL00138,CUST00975,Deal_138,Prospecting,Partner,Rep_8,193457.72,0.1,2025-01-11,2026-08-25,19345.77,469
DEAL00139,CUST00417,Deal_139,Prospecting,Inbound,Rep_11,78701.52,0.75,2025-01-26,2026-07-05,59026.14,454
DEAL00140,CUST00360,Deal_140,Closed Won,Inbound,Rep_2,103215.91,1.0,2025-06-26,2026-10-03,103215.91,303
DEAL00141,CUST00346,Deal_141,Negotiation,Referral,Rep_12,30261.66,0.9,2025-06-30,2026-06-12,27235.49,299
DEAL00142,CUST00693,Deal_142,Closed Won,Partner,Rep_12,199165.96,0.9,2024-07-20,2026-09-16,179249.36,644
DEAL00143,CUST00766,Deal_143,Closed Lost,Partner,Rep_10,100979.36,1.0,2024-11-20,2026-08-24,100979.36,521
DEAL00144,CUST00414,Deal_144,Closed Won,Inbound,Rep_9,63166.54,0.25,2024-11-29,2026-08-18,15791.64,512
DEAL00145,CUST00126,Deal_145,Negotiation,Inbound,Rep_2,42644.49,0.0,2026-01-27,2026-07-03,0.0,88
DEAL00146,CUST00843,Deal_146,Negotiation,Inbound,Rep_8,131736.5,0.9,2024-12-30,2026-10-07,118562.85,481
DEAL00147,CUST00110,Deal_147,Qualification,Outbound,Rep_5,90078.35,0.1,2024-07-17,2026-04-25,9007.84,647
DEAL00148,CUST00449,Deal_148,Closed Lost,Referral,Rep_11,66879.35,0.9,2024-05-13,2026-10-07,60191.42,712
DEAL00149,CUST00142,Deal_149,Proposal,Inbound,Rep_6,6880.31,1.0,2025-10-11,2026-05-20,6880.31,196
DEAL00150,CUST00634,Deal_150,Qualification,Referral,Rep_10,12097.42,0.75,2025-05-09,2026-05-19,9073.06,351
DEAL00151,CUST00010,Deal_151,Qualification,Inbound,Rep_9,140254.56,0.9,2025-05-18,2026-08-11,126229.1,342
DEAL00152,CUST00767,Deal_152,Closed Won,Outbound,Rep_8,98705.39,0.75,2025-11-08,2026-08-18,74029.04,168
DEAL00153,CUST00017,Deal_153,Qualification,Inbound,Rep_5,170533.63,0.9,2025-09-15,2026-06-21,153480.27,222
DEAL00154,CUST00715,Deal_154,Prospecting,Referral,Rep_6,151938.05,0.25,2025-01-17,2026-10-14,37984.51,463
DEAL00155,CUST00490,Deal_155,Proposal,Inbound,Rep_5,116820.89,0.1,2024-07-25,2026-05-16,11682.09,639
DEAL00156,CUST00527,Deal_156,Closed Won,Referral,Rep_9,114393.22,0.75,2026-03-22,2026-10-17,85794.92,34
DEAL00157,CUST00972,Deal_157,Proposal,Partner,Rep_11,150342.26,0.9,2025-06-19,2026-05-07,135308.03,310
DEAL00158,CUST00003,Deal_158,Closed Won,Referral,Rep_12,149526.65,0.5,2025-02-08,2026-07-30,74763.32,441
DEAL00159,CUST00918,Deal_159,Closed Won,Outbound,Rep_5,70230.91,0.5,2024-07-13,2026-09-24,35115.46,651
DEAL00160,CUST00242,Deal_160,Closed Won,Inbound,Rep_6,25537.29,0.0,2025-03-09,2026-05-04,0.0,412
DEAL00161,CUST00824,Deal_161,Negotiation,Partner,Rep_1,155506.5,0.1,2026-01-28,2026-05-12,15550.65,87
DEAL00162,CUST00187,Deal_162,Negotiation,Referral,Rep_8,48505.66,0.0,2025-07-06,2026-06-18,0.0,293
DEAL00163,CUST00794,Deal_163,Qualification,Partner,Rep_14,159296.69,1.0,2024-12-14,2026-09-26,159296.69,497
DEAL00164,CUST00615,Deal_164,Prospecting,Outbound,Rep_8,125527.89,0.75,2025-02-28,2026-06-19,94145.92,421
DEAL00165,CUST00235,Deal_165,Proposal,Partner,Rep_14,74802.22,0.0,2024-04-30,2026-06-19,0.0,725
DEAL00166,CUST00178,Deal_166,Prospecting,Partner,Rep_8,171193.42,0.25,2025-05-20,2026-06-12,42798.36,340
DEAL00167,CUST00599,Deal_167,Proposal,Referral,Rep_13,139777.87,1.0,2024-07-01,2026-09-25,139777.87,663
DEAL00168,CUST00976,Deal_168,Prospecting,Outbound,Rep_14,111296.11,0.25,2025-10-01,2026-08-15,27824.03,206
DEAL00169,CUST00317,Deal_169,Prospecting,Inbound,Rep_12,63675.49,0.1,2026-04-07,2026-08-18,6367.55,18
DEAL00170,CUST00253,Deal_170,Closed Won,Inbound,Rep_7,197324.72,0.25,2025-06-20,2026-04-26,49331.18,309
DEAL00171,CUST00311,Deal_171,Negotiation,Inbound,Rep_7,168515.4,0.9,2026-04-12,2026-07-07,151663.86,13
DEAL00172,CUST00192,Deal_172,Negotiation,Inbound,Rep_6,31632.27,1.0,2024-12-09,2026-07-17,31632.27,502
DEAL00173,CUST00003,Deal_173,Proposal,Inbound,Rep_7,162214.61,0.1,2025-04-25,2026-06-01,16221.46,365
DEAL00174,CUST00158,Deal_174,Proposal,Partner,Rep_9,28436.78,1.0,2025-08-04,2026-09-02,28436.78,264
DEAL00175,CUST00186,Deal_175,Qualification,Inbound,Rep_5,53310.81,0.75,2026-04-17,2026-08-25,39983.11,8
DEAL00176,CUST00141,Deal_176,Proposal,Partner,Rep_9,191722.2,0.25,2025-01-18,2026-08-10,47930.55,462
DEAL00177,CUST00968,Deal_177,Negotiation,Referral,Rep_14,174631.42,0.9,2024-07-28,2026-06-16,157168.28,636
DEAL00178,CUST00920,Deal_178,Qualification,Referral,Rep_9,123170.67,0.0,2024-10-13,2026-10-13,0.0,559
DEAL00179,CUST00837,Deal_179,Qualification,Outbound,Rep_4,141329.99,1.0,2026-01-25,2026-08-29,141329.99,90
DEAL00180,CUST00903,Deal_180,Proposal,Inbound,Rep_9,22473.85,1.0,2025-05-23,2026-05-17,22473.85,337
DEAL00181,CUST00051,Deal_181,Proposal,Partner,Rep_8,69812.9,0.0,2025-09-26,2026-05-22,0.0,211
DEAL00182,CUST00822,Deal_182,Closed Won,Inbound,Rep_14,67872.8,0.25,2025-08-04,2026-07-24,16968.2,264
DEAL00183,CUST00691,Deal_183,Closed Won,Partner,Rep_11,11370.43,0.1,2025-03-13,2026-10-01,1137.04,408
DEAL00184,CUST00667,Deal_184,Qualification,Referral,Rep_5,142299.87,0.1,2024-12-30,2026-05-14,14229.99,481
DEAL00185,CUST00780,Deal_185,Proposal,Outbound,Rep_10,64973.08,0.25,2024-06-30,2026-09-05,16243.27,664
DEAL00186,CUST00425,Deal_186,Closed Lost,Outbound,Rep_15,128453.07,1.0,2024-05-29,2026-04-27,128453.07,696
DEAL00187,CUST00375,Deal_187,Closed Won,Outbound,Rep_11,10308.69,0.1,2025-05-10,2026-04-27,1030.87,350
DEAL00188,CUST00625,Deal_188,Qualification,Inbound,Rep_3,5320.48,0.5,2025-12-25,2026-05-17,2660.24,121
DEAL00189,CUST00120,Deal_189,Qualification,Partner,Rep_9,38151.34,1.0,2026-01-23,2026-07-06,38151.34,92
DEAL00190,CUST00601,Deal_190,Prospecting,Inbound,Rep_3,142062.89,0.1,2024-07-18,2026-05-27,14206.29,646
DEAL00191,CUST00618,Deal_191,Negotiation,Outbound,Rep_3,122813.43,0.0,2025-06-28,2026-10-05,0.0,301
DEAL00192,CUST00370,Deal_192,Qualification,Inbound,Rep_3,44176.73,0.75,2026-04-17,2026-06-27,33132.55,8
DEAL00193,CUST00417,Deal_193,Proposal,Inbound,Rep_1,107057.91,0.25,2025-10-31,2026-09-11,26764.48,176
DEAL00194,CUST00207,Deal_194,Closed Won,Inbound,Rep_6,125748.01,1.0,2024-12-20,2026-05-20,125748.01,491
DEAL00195,CUST00543,Deal_195,Closed Won,Inbound,Rep_3,188094.25,0.5,2025-02-20,2026-05-31,94047.12,429
DEAL00196,CUST00779,Deal_196,Qualification,Partner,Rep_10,153673.02,0.25,2024-06-03,2026-08-16,38418.25,691
DEAL00197,CUST00164,Deal_197,Qualification,Partner,Rep_15,31487.51,1.0,2024-09-26,2026-10-17,31487.51,576
DEAL00198,CUST00633,Deal_198,Closed Won,Outbound,Rep_3,57694.86,0.1,2024-09-19,2026-07-07,5769.49,583
DEAL00199,CUST00134,Deal_199,Proposal,Outbound,Rep_9,83679.82,0.5,2026-04-12,2026-06-07,41839.91,13
DEAL00200,CUST00635,Deal_200,Closed Won,Referral,Rep_7,25531.67,0.25,2024-05-06,2026-09-10,6382.92,719
DEAL00201,CUST00301,Deal_201,Prospecting,Partner,Rep_15,113294.55,0.1,2025-10-11,2026-05-18,11329.46,196
DEAL00202,CUST00956,Deal_202,Closed Lost,Inbound,Rep_14,181883.11,1.0,2024-05-06,2026-07-25,181883.11,719
DEAL00203,CUST00090,Deal_203,Proposal,Partner,Rep_8,64743.65,0.1,2024-08-19,2026-07-27,6474.37,614
DEAL00204,CUST00072,Deal_204,Qualification,Inbound,Rep_1,197005.95,1.0,2024-08-10,2026-05-13,197005.95,623
DEAL00205,CUST00359,Deal_205,Proposal,Inbound,Rep_8,53616.91,0.25,2026-03-09,2026-06-19,13404.23,47
DEAL00206,CUST00549,Deal_206,Closed Won,Referral,Rep_8,97091.95,1.0,2024-06-02,2026-06-12,97091.95,692
DEAL00207,CUST00101,Deal_207,Proposal,Referral,Rep_12,71891.83,0.25,2025-10-30,2026-08-21,17972.96,177
DEAL00208,CUST00624,Deal_208,Qualification,Referral,Rep_12,65082.38,0.25,2024-06-11,2026-08-11,16270.6,683
DEAL00209,CUST00030,Deal_209,Negotiation,Referral,Rep_14,78684.81,0.5,2025-04-06,2026-06-20,39342.4,384
DEAL00210,CUST00550,Deal_210,Closed Won,Inbound,Rep_8,11320.35,0.5,2025-08-15,2026-07-28,5660.18,253
DEAL00211,CUST00912,Deal_211,Prospecting,Inbound,Rep_6,108742.02,0.75,2025-10-23,2026-08-24,81556.52,184
DEAL00212,CUST00719,Deal_212,Prospecting,Partner,Rep_10,149574.87,0.5,2024-05-12,2026-05-05,74787.44,713
DEAL00213,CUST00166,Deal_213,Prospecting,Inbound,Rep_14,173439.54,0.1,2024-08-29,2026-07-14,17343.95,604
DEAL00214,CUST00949,Deal_214,Qualification,Partner,Rep_5,68249.26,0.5,2025-03-22,2026-09-16,34124.63,399
DEAL00215,CUST00392,Deal_215,Prospecting,Partner,Rep_4,112328.83,0.25,2024-04-26,2026-08-16,28082.21,729
DEAL00216,CUST00995,Deal_216,Proposal,Referral,Rep_11,179095.23,0.25,2024-06-16,2026-05-09,44773.81,678
DEAL00217,CUST00521,Deal_217,Negotiation,Partner,Rep_9,160975.09,0.5,2026-04-24,2026-10-01,80487.54,1
DEAL00218,CUST00277,Deal_218,Closed Won,Outbound,Rep_7,95494.63,0.1,2024-06-23,2026-10-09,9549.46,671
DEAL00219,CUST00169,Deal_219,Negotiation,Outbound,Rep_12,37145.02,0.75,2025-10-23,2026-09-10,27858.76,184
DEAL00220,CUST00837,Deal_220,Qualification,Inbound,Rep_15,113869.0,0.25,2026-02-26,2026-08-24,28467.25,58
DEAL00221,CUST00275,Deal_221,Closed Won,Outbound,Rep_14,197990.76,0.9,2025-02-15,2026-05-07,178191.68,434
DEAL00222,CUST00249,Deal_222,Negotiation,Referral,Rep_15,152712.62,0.75,2026-03-28,2026-07-14,114534.46,28
DEAL00223,CUST00512,Deal_223,Closed Won,Referral,Rep_1,170364.41,1.0,2025-01-26,2026-05-22,170364.41,454
DEAL00224,CUST00112,Deal_224,Proposal,Partner,Rep_11,41808.52,0.9,2026-01-08,2026-09-27,37627.67,107
DEAL00225,CUST00592,Deal_225,Qualification,Inbound,Rep_1,181258.79,0.9,2026-01-28,2026-10-17,163132.91,87
DEAL00226,CUST00018,Deal_226,Negotiation,Outbound,Rep_1,7753.91,0.9,2025-12-22,2026-05-10,6978.52,124
DEAL00227,CUST00460,Deal_227,Qualification,Inbound,Rep_4,173131.27,0.25,2025-07-31,2026-05-30,43282.82,268
DEAL00228,CUST00080,Deal_228,Closed Lost,Partner,Rep_9,51628.55,0.25,2025-01-09,2026-10-09,12907.14,471
DEAL00229,CUST00893,Deal_229,Closed Won,Referral,Rep_3,126429.09,0.0,2024-09-03,2026-09-19,0.0,599
DEAL00230,CUST00901,Deal_230,Closed Won,Partner,Rep_10,62145.15,0.9,2024-12-16,2026-07-24,55930.64,495
DEAL00231,CUST00707,Deal_231,Negotiation,Outbound,Rep_1,31382.71,0.9,2024-06-18,2026-07-30,28244.44,676
DEAL00232,CUST00199,Deal_232,Prospecting,Referral,Rep_14,53184.1,0.75,2026-04-03,2026-04-26,39888.07,22
DEAL00233,CUST00116,Deal_233,Proposal,Outbound,Rep_1,97221.02,0.25,2024-07-16,2026-04-26,24305.26,648
DEAL00234,CUST00544,Deal_234,Negotiation,Inbound,Rep_3,184333.97,0.9,2025-09-16,2026-08-30,165900.57,221
DEAL00235,CUST00223,Deal_235,Qualification,Referral,Rep_13,80855.77,0.1,2025-02-06,2026-08-03,8085.58,443
DEAL00236,CUST00462,Deal_236,Negotiation,Inbound,Rep_15,15894.56,1.0,2025-05-09,2026-07-02,15894.56,351
DEAL00237,CUST00088,Deal_237,Closed Won,Referral,Rep_11,9634.74,0.25,2025-03-04,2026-07-03,2408.68,417
DEAL00238,CUST00432,Deal_238,Qualification,Outbound,Rep_15,45924.77,0.25,2025-07-25,2026-06-13,11481.19,274
DEAL00239,CUST00673,Deal_239,Qualification,Outbound,Rep_7,15145.63,1.0,2024-11-01,2026-07-29,15145.63,540
DEAL00240,CUST00965,Deal_240,Closed Won,Partner,Rep_8,77370.23,1.0,2024-11-27,2026-10-17,77370.23,514
DEAL00241,CUST00328,Deal_241,Prospecting,Partner,Rep_4,79929.33,1.0,2024-12-25,2026-09-23,79929.33,486
DEAL00242,CUST00898,Deal_242,Qualification,Referral,Rep_12,194567.45,0.1,2024-05-26,2026-09-08,19456.75,699
DEAL00243,CUST00822,Deal_243,Proposal,Referral,Rep_2,64715.74,1.0,2025-01-10,2026-08-24,64715.74,470
DEAL00244,CUST00103,Deal_244,Negotiation,Referral,Rep_7,121792.16,0.0,2024-09-28,2026-10-09,0.0,574
DEAL00245,CUST00998,Deal_245,Closed Lost,Partner,Rep_9,164670.62,0.9,2024-09-06,2026-10-09,148203.56,596
DEAL00246,CUST00298,Deal_246,Proposal,Outbound,Rep_10,105039.46,0.5,2025-01-15,2026-09-01,52519.73,465
DEAL00247,CUST00675,Deal_247,Closed Lost,Inbound,Rep_6,140831.43,0.25,2025-05-24,2026-07-06,35207.86,336
DEAL00248,CUST00614,Deal_248,Proposal,Inbound,Rep_14,195005.82,1.0,2024-06-16,2026-09-05,195005.82,678
DEAL00249,CUST00887,Deal_249,Negotiation,Referral,Rep_2,68209.7,0.9,2025-03-02,2026-09-18,61388.73,419
DEAL00250,CUST00189,Deal_250,Qualification,Inbound,Rep_9,19471.06,1.0,2024-06-03,2026-07-30,19471.06,691
DEAL00251,CUST00371,Deal_251,Proposal,Inbound,Rep_7,88911.36,0.1,2024-10-27,2026-08-23,8891.14,545
DEAL00252,CUST00828,Deal_252,Closed Won,Inbound,Rep_9,110423.55,0.1,2024-12-27,2026-05-13,11042.36,484
DEAL00253,CUST00250,Deal_253,Qualification,Partner,Rep_11,118097.35,0.25,2025-12-03,2026-10-02,29524.34,143
DEAL00254,CUST00226,Deal_254,Prospecting,Partner,Rep_2,149019.71,0.1,2025-12-19,2026-08-19,14901.97,127
DEAL00255,CUST00124,Deal_255,Proposal,Inbound,Rep_10,180126.58,0.1,2026-04-11,2026-06-24,18012.66,14
DEAL00256,CUST00990,Deal_256,Proposal,Outbound,Rep_4,102532.23,0.9,2026-01-10,2026-05-24,92279.01,105
DEAL00257,CUST00305,Deal_257,Qualification,Outbound,Rep_6,32964.11,1.0,2025-12-09,2026-08-19,32964.11,137
DEAL00258,CUST00791,Deal_258,Closed Lost,Partner,Rep_10,83664.64,0.1,2025-06-09,2026-09-12,8366.46,320
DEAL00259,CUST00836,Deal_259,Negotiation,Outbound,Rep_7,35297.03,0.5,2025-05-16,2026-09-17,17648.52,344
DEAL00260,CUST00803,Deal_260,Qualification,Referral,Rep_14,40549.12,0.9,2024-12-07,2026-09-01,36494.21,504
DEAL00261,CUST00398,Deal_261,Closed Lost,Referral,Rep_3,5331.45,0.9,2025-06-21,2026-04-27,4798.3,308
DEAL00262,CUST00278,Deal_262,Prospecting,Outbound,Rep_14,186293.87,0.25,2025-10-10,2026-09-05,46573.47,197
DEAL00263,CUST00158,Deal_263,Closed Won,Inbound,Rep_13,150325.68,0.9,2024-11-19,2026-09-27,135293.11,522
DEAL00264,CUST00003,Deal_264,Qualification,Outbound,Rep_10,24553.83,0.25,2025-08-13,2026-07-10,6138.46,255
DEAL00265,CUST00331,Deal_265,Qualification,Inbound,Rep_11,184420.76,0.1,2025-07-13,2026-07-17,18442.08,286
DEAL00266,CUST00010,Deal_266,Proposal,Inbound,Rep_11,174719.88,0.75,2025-06-20,2026-10-01,131039.91,309
DEAL00267,CUST00579,Deal_267,Negotiation,Outbound,Rep_5,182428.55,0.5,2025-03-15,2026-08-29,91214.28,406
DEAL00268,CUST00681,Deal_268,Negotiation,Referral,Rep_11,23976.22,1.0,2026-01-24,2026-06-23,23976.22,91
DEAL00269,CUST00944,Deal_269,Prospecting,Inbound,Rep_4,20579.15,0.5,2025-04-01,2026-09-30,10289.58,389
DEAL00270,CUST00562,Deal_270,Qualification,Inbound,Rep_5,18208.38,0.1,2025-01-22,2026-06-24,1820.84,458
DEAL00271,CUST00639,Deal_271,Negotiation,Partner,Rep_6,193549.84,0.0,2026-03-26,2026-05-03,0.0,30
DEAL00272,CUST00197,Deal_272,Closed Won,Outbound,Rep_6,133791.65,0.75,2025-03-21,2026-06-30,100343.74,400
DEAL00273,CUST00442,Deal_273,Negotiation,Partner,Rep_14,39706.51,0.9,2025-08-07,2026-07-28,35735.86,261
DEAL00274,CUST00015,Deal_274,Qualification,Inbound,Rep_7,186186.1,0.75,2025-06-26,2026-07-01,139639.58,303
DEAL00275,CUST00122,Deal_275,Proposal,Inbound,Rep_6,91417.18,0.9,2025-02-18,2026-05-11,82275.46,431
DEAL00276,CUST00560,Deal_276,Negotiation,Partner,Rep_14,158162.16,0.9,2025-08-31,2026-06-22,142345.94,237
DEAL00277,CUST00626,Deal_277,Prospecting,Outbound,Rep_6,129056.71,0.9,2024-12-14,2026-09-30,116151.04,497
DEAL00278,CUST00006,Deal_278,Proposal,Partner,Rep_4,131682.69,0.75,2024-10-24,2026-07-29,98762.02,548
DEAL00279,CUST00516,Deal_279,Proposal,Partner,Rep_2,90747.18,0.1,2024-07-24,2026-06-03,9074.72,640
DEAL00280,CUST00279,Deal_280,Qualification,Inbound,Rep_10,82015.3,0.9,2024-08-11,2026-09-02,73813.77,622
DEAL00281,CUST00685,Deal_281,Negotiation,Referral,Rep_7,36574.5,1.0,2025-09-11,2026-10-19,36574.5,226
DEAL00282,CUST00833,Deal_282,Negotiation,Referral,Rep_7,18802.24,0.1,2024-05-07,2026-08-31,1880.22,718
DEAL00283,CUST00056,Deal_283,Closed Lost,Referral,Rep_11,185958.34,0.9,2025-07-29,2026-05-02,167362.51,270
DEAL00284,CUST00994,Deal_284,Proposal,Outbound,Rep_3,187641.62,0.1,2024-10-20,2026-06-25,18764.16,552
DEAL00285,CUST00959,Deal_285,Proposal,Partner,Rep_14,130053.1,0.0,2024-10-23,2026-10-10,0.0,549
DEAL00286,CUST00015,Deal_286,Qualification,Outbound,Rep_15,80671.95,0.0,2025-08-15,2026-05-11,0.0,253
DEAL00287,CUST00388,Deal_287,Proposal,Referral,Rep_5,9892.55,1.0,2026-02-11,2026-06-06,9892.55,73
DEAL00288,CUST00091,Deal_288,Prospecting,Outbound,Rep_6,92292.95,0.0,2024-07-30,2026-04-26,0.0,634
DEAL00289,CUST00717,Deal_289,Prospecting,Outbound,Rep_10,133500.19,1.0,2024-11-19,2026-10-16,133500.19,522
DEAL00290,CUST00759,Deal_290,Qualification,Outbound,Rep_9,63555.94,0.1,2025-06-23,2026-06-23,6355.59,306
DEAL00291,CUST00494,Deal_291,Negotiation,Referral,Rep_3,71775.27,0.1,2024-06-07,2026-10-18,7177.53,687
DEAL00292,CUST00239,Deal_292,Negotiation,Outbound,Rep_13,97103.06,0.25,2025-08-09,2026-07-26,24275.76,259
DEAL00293,CUST00872,Deal_293,Closed Won,Outbound,Rep_3,101508.96,1.0,2025-12-20,2026-05-09,101508.96,126
DEAL00294,CUST00928,Deal_294,Proposal,Referral,Rep_5,149858.64,1.0,2024-09-07,2026-08-27,149858.64,595
DEAL00295,CUST00521,Deal_295,Proposal,Referral,Rep_2,102453.44,0.75,2026-03-01,2026-07-27,76840.08,55
DEAL00296,CUST00741,Deal_296,Qualification,Outbound,Rep_3,169828.57,0.9,2025-10-17,2026-10-19,152845.71,190
DEAL00297,CUST00217,Deal_297,Closed Won,Partner,Rep_15,99141.42,0.0,2026-04-23,2026-10-15,0.0,2
DEAL00298,CUST00185,Deal_298,Prospecting,Outbound,Rep_15,11222.82,0.9,2025-10-18,2026-04-26,10100.54,189
DEAL00299,CUST00195,Deal_299,Proposal,Inbound,Rep_6,32574.19,0.25,2024-12-28,2026-08-26,8143.55,483
DEAL00300,CUST00039,Deal_300,Qualification,Referral,Rep_3,145041.55,0.1,2024-11-30,2026-09-28,14504.16,511
DEAL00301,CUST00040,Deal_301,Closed Won,Partner,Rep_1,93113.04,0.1,2025-11-04,2026-08-24,9311.3,172
DEAL00302,CUST00016,Deal_302,Negotiation,Inbound,Rep_7,94937.4,0.9,2026-02-27,2026-09-28,85443.66,57
DEAL00303,CUST00081,Deal_303,Closed Won,Inbound,Rep_7,195711.33,0.0,2025-07-14,2026-07-13,0.0,285
DEAL00304,CUST00603,Deal_304,Prospecting,Inbound,Rep_2,116435.01,0.5,2024-09-15,2026-08-17,58217.5,587
DEAL00305,CUST00650,Deal_305,Negotiation,Partner,Rep_5,27799.47,0.9,2024-07-07,2026-07-28,25019.52,657
DEAL00306,CUST00693,Deal_306,Negotiation,Inbound,Rep_9,89582.1,0.9,2024-05-23,2026-07-30,80623.89,702
DEAL00307,CUST00065,Deal_307,Prospecting,Referral,Rep_13,114458.43,0.25,2024-08-23,2026-08-24,28614.61,610
DEAL00308,CUST00115,Deal_308,Qualification,Partner,Rep_3,12305.8,0.1,2024-05-09,2026-06-29,1230.58,716
DEAL00309,CUST00562,Deal_309,Prospecting,Referral,Rep_8,76098.92,0.75,2024-11-30,2026-06-07,57074.19,511
DEAL00310,CUST00285,Deal_310,Negotiation,Partner,Rep_4,193724.54,0.0,2025-02-25,2026-04-28,0.0,424
DEAL00311,CUST00146,Deal_311,Qualification,Referral,Rep_3,151504.13,0.0,2025-08-09,2026-06-02,0.0,259
DEAL00312,CUST00692,Deal_312,Qualification,Partner,Rep_2,77569.75,0.9,2026-03-07,2026-06-12,69812.78,49
DEAL00313,CUST00416,Deal_313,Prospecting,Inbound,Rep_14,56111.79,0.0,2026-03-12,2026-04-29,0.0,44
DEAL00314,CUST00997,Deal_314,Proposal,Referral,Rep_15,60214.72,0.0,2026-01-13,2026-06-08,0.0,102
DEAL00315,CUST00875,Deal_315,Prospecting,Referral,Rep_13,166540.84,0.0,2025-04-08,2026-06-23,0.0,382
DEAL00316,CUST00673,Deal_316,Closed Won,Referral,Rep_9,83317.26,0.9,2024-04-26,2026-05-02,74985.53,729
DEAL00317,CUST00379,Deal_317,Prospecting,Outbound,Rep_11,169419.09,0.75,2024-05-26,2026-06-13,127064.32,699
DEAL00318,CUST00470,Deal_318,Prospecting,Inbound,Rep_5,182205.01,0.25,2025-02-28,2026-05-30,45551.25,421
DEAL00319,CUST00875,Deal_319,Negotiation,Referral,Rep_9,95518.84,0.5,2026-02-23,2026-07-03,47759.42,61
DEAL00320,CUST00267,Deal_320,Closed Lost,Referral,Rep_8,189328.12,0.25,2025-01-14,2026-10-10,47332.03,466
DEAL00321,CUST00613,Deal_321,Closed Won,Partner,Rep_3,63490.52,0.9,2025-01-24,2026-05-04,57141.47,456
DEAL00322,CUST00413,Deal_322,Prospecting,Inbound,Rep_4,55704.01,0.25,2026-01-30,2026-05-30,13926.0,85
DEAL00323,CUST00660,Deal_323,Qualification,Inbound,Rep_12,25923.89,1.0,2025-04-13,2026-07-01,25923.89,377
DEAL00324,CUST00662,Deal_324,Proposal,Referral,Rep_6,52931.79,0.75,2025-07-10,2026-08-05,39698.84,289
DEAL00325,CUST00736,Deal_325,Prospecting,Outbound,Rep_11,155667.47,0.25,2025-05-26,2026-09-13,38916.87,334
DEAL00326,CUST00712,Deal_326,Proposal,Referral,Rep_10,83738.59,0.9,2025-12-26,2026-07-09,75364.73,120
DEAL00327,CUST00982,Deal_327,Proposal,Outbound,Rep_12,33891.76,0.75,2024-09-28,2026-08-13,25418.82,574
DEAL00328,CUST00399,Deal_328,Negotiation,Inbound,Rep_5,25871.14,0.75,2024-11-04,2026-05-11,19403.36,537
DEAL00329,CUST00291,Deal_329,Closed Lost,Inbound,Rep_10,100597.13,0.9,2025-09-13,2026-05-15,90537.42,224
DEAL00330,CUST00080,Deal_330,Qualification,Outbound,Rep_10,110174.11,0.9,2024-07-07,2026-07-30,99156.7,657
DEAL00331,CUST00372,Deal_331,Negotiation,Inbound,Rep_3,159938.23,0.9,2025-02-05,2026-06-17,143944.41,444
DEAL00332,CUST00620,Deal_332,Proposal,Partner,Rep_5,144387.58,0.5,2025-11-29,2026-09-12,72193.79,147
DEAL00333,CUST00477,Deal_333,Proposal,Outbound,Rep_5,37587.42,0.9,2025-06-23,2026-08-30,33828.68,306
DEAL00334,CUST00162,Deal_334,Negotiation,Partner,Rep_9,58993.0,0.25,2025-05-13,2026-10-17,14748.25,347
DEAL00335,CUST00148,Deal_335,Closed Lost,Referral,Rep_4,140284.02,1.0,2026-01-21,2026-06-08,140284.02,94
DEAL00336,CUST00505,Deal_336,Closed Won,Referral,Rep_8,40211.69,0.1,2026-02-21,2026-09-08,4021.17,63
DEAL00337,CUST00205,Deal_337,Negotiation,Partner,Rep_4,161628.74,0.5,2025-10-19,2026-06-18,80814.37,188
DEAL00338,CUST00824,Deal_338,Proposal,Inbound,Rep_10,133184.73,0.5,2024-05-07,2026-06-13,66592.37,718
DEAL00339,CUST00819,Deal_339,Proposal,Partner,Rep_2,109586.75,0.1,2024-07-04,2026-05-14,10958.68,660
DEAL00340,CUST00973,Deal_340,Closed Won,Inbound,Rep_3,130629.86,0.0,2024-06-14,2026-08-10,0.0,680
DEAL00341,CUST00863,Deal_341,Qualification,Partner,Rep_13,24444.55,0.25,2025-11-22,2026-10-09,6111.14,154
DEAL00342,CUST00597,Deal_342,Negotiation,Partner,Rep_4,111864.3,0.5,2025-11-02,2026-04-25,55932.15,174
DEAL00343,CUST00050,Deal_343,Proposal,Inbound,Rep_8,93003.45,0.5,2026-01-09,2026-07-19,46501.72,106
DEAL00344,CUST00414,Deal_344,Negotiation,Partner,Rep_9,105028.17,0.9,2025-11-10,2026-05-29,94525.35,166
DEAL00345,CUST00121,Deal_345,Qualification,Outbound,Rep_12,70845.06,1.0,2025-07-09,2026-08-26,70845.06,290
DEAL00346,CUST00665,Deal_346,Negotiation,Inbound,Rep_12,96294.51,0.0,2025-01-31,2026-08-28,0.0,449
DEAL00347,CUST00862,Deal_347,Negotiation,Referral,Rep_6,177233.7,0.75,2026-01-06,2026-06-16,132925.28,109
DEAL00348,CUST00458,Deal_348,Qualification,Referral,Rep_14,72246.45,0.5,2024-09-15,2026-04-29,36123.22,587
DEAL00349,CUST00199,Deal_349,Proposal,Partner,Rep_8,13762.45,1.0,2025-01-21,2026-08-09,13762.45,459
DEAL00350,CUST00226,Deal_350,Negotiation,Referral,Rep_12,55013.91,0.0,2025-08-19,2026-07-22,0.0,249
DEAL00351,CUST00260,Deal_351,Closed Lost,Outbound,Rep_10,93600.89,0.25,2025-07-06,2026-07-23,23400.22,293
DEAL00352,CUST00575,Deal_352,Prospecting,Referral,Rep_5,109030.66,0.0,2025-04-06,2026-09-18,0.0,384
DEAL00353,CUST00278,Deal_353,Prospecting,Referral,Rep_5,88293.87,0.75,2024-06-15,2026-06-20,66220.4,679
DEAL00354,CUST00825,Deal_354,Qualification,Inbound,Rep_8,166189.37,0.1,2026-04-23,2026-05-02,16618.94,2
DEAL00355,CUST00989,Deal_355,Closed Lost,Partner,Rep_15,183458.72,0.0,2025-12-10,2026-09-17,0.0,136
DEAL00356,CUST00694,Deal_356,Closed Won,Referral,Rep_15,99926.14,0.0,2025-07-23,2026-08-07,0.0,276
DEAL00357,CUST00004,Deal_357,Negotiation,Partner,Rep_4,19796.56,0.5,2025-09-12,2026-09-10,9898.28,225
DEAL00358,CUST00193,Deal_358,Prospecting,Inbound,Rep_13,87092.53,0.25,2025-12-03,2026-09-29,21773.13,143
DEAL00359,CUST00767,Deal_359,Proposal,Referral,Rep_3,40341.59,1.0,2025-04-25,2026-08-29,40341.59,365
DEAL00360,CUST00304,Deal_360,Closed Won,Referral,Rep_10,60281.8,0.1,2026-02-17,2026-04-29,6028.18,67
DEAL00361,CUST00919,Deal_361,Closed Won,Inbound,Rep_15,167415.38,0.9,2024-08-16,2026-07-10,150673.84,617
DEAL00362,CUST00151,Deal_362,Proposal,Inbound,Rep_2,109381.92,0.9,2025-11-15,2026-06-19,98443.73,161
DEAL00363,CUST00006,Deal_363,Closed Lost,Referral,Rep_15,166575.38,0.75,2026-03-04,2026-05-30,124931.54,52
DEAL00364,CUST00883,Deal_364,Prospecting,Outbound,Rep_13,197197.14,0.1,2025-07-21,2026-08-15,19719.71,278
DEAL00365,CUST00453,Deal_365,Proposal,Partner,Rep_12,111319.6,0.75,2025-07-23,2026-09-26,83489.7,276
DEAL00366,CUST00960,Deal_366,Closed Won,Partner,Rep_8,182891.14,0.1,2025-09-02,2026-05-26,18289.11,235
DEAL00367,CUST00215,Deal_367,Negotiation,Partner,Rep_12,138275.86,1.0,2025-04-05,2026-09-13,138275.86,385
DEAL00368,CUST00742,Deal_368,Closed Won,Outbound,Rep_14,24854.61,0.1,2025-12-15,2026-10-10,2485.46,131
DEAL00369,CUST00327,Deal_369,Closed Lost,Partner,Rep_12,86490.29,0.0,2024-10-30,2026-08-20,0.0,542
DEAL00370,CUST00645,Deal_370,Proposal,Inbound,Rep_15,133493.28,0.9,2025-11-05,2026-06-29,120143.95,171
DEAL00371,CUST00929,Deal_371,Qualification,Inbound,Rep_5,142526.02,0.75,2025-11-19,2026-04-28,106894.51,157
DEAL00372,CUST00922,Deal_372,Negotiation,Referral,Rep_12,172829.87,0.9,2026-04-15,2026-05-05,155546.88,10
DEAL00373,CUST00955,Deal_373,Negotiation,Outbound,Rep_6,129271.8,0.1,2024-11-18,2026-08-08,12927.18,523
DEAL00374,CUST00085,Deal_374,Closed Won,Outbound,Rep_14,22568.29,0.9,2025-08-21,2026-06-11,20311.46,247
DEAL00375,CUST00418,Deal_375,Proposal,Referral,Rep_13,32776.38,0.75,2024-07-02,2026-10-06,24582.28,662
DEAL00376,CUST00154,Deal_376,Closed Won,Outbound,Rep_9,69022.82,0.75,2024-07-02,2026-09-12,51767.12,662
DEAL00377,CUST00714,Deal_377,Closed Lost,Partner,Rep_14,62338.53,0.25,2024-06-15,2026-06-05,15584.63,679
DEAL00378,CUST00706,Deal_378,Closed Won,Referral,Rep_13,48213.05,0.9,2026-01-03,2026-09-26,43391.74,112
DEAL00379,CUST00532,Deal_379,Closed Won,Partner,Rep_3,125372.76,0.25,2025-11-03,2026-06-29,31343.19,173
DEAL00380,CUST00270,Deal_380,Negotiation,Partner,Rep_15,88793.46,0.1,2024-09-16,2026-06-10,8879.35,586
DEAL00381,CUST00246,Deal_381,Proposal,Referral,Rep_4,138572.81,1.0,2025-08-26,2026-07-09,138572.81,242
DEAL00382,CUST00373,Deal_382,Closed Lost,Inbound,Rep_12,80458.95,0.9,2025-12-12,2026-05-06,72413.05,134
DEAL00383,CUST00071,Deal_383,Negotiation,Referral,Rep_2,58445.96,0.5,2024-05-24,2026-05-20,29222.98,701
DEAL00384,CUST00202,Deal_384,Closed Won,Outbound,Rep_6,112341.88,0.25,2026-03-14,2026-09-26,28085.47,42
DEAL00385,CUST00351,Deal_385,Proposal,Partner,Rep_15,23868.21,0.75,2025-07-03,2026-08-11,17901.16,296
DEAL00386,CUST00904,Deal_386,Negotiation,Partner,Rep_13,197788.38,0.25,2025-10-21,2026-10-04,49447.1,186
DEAL00387,CUST00058,Deal_387,Negotiation,Outbound,Rep_9,132847.84,0.9,2025-04-21,2026-05-07,119563.06,369
DEAL00388,CUST00769,Deal_388,Closed Won,Referral,Rep_12,28821.66,0.25,2026-03-04,2026-08-29,7205.42,52
DEAL00389,CUST00221,Deal_389,Proposal,Inbound,Rep_2,126369.68,0.75,2024-12-29,2026-06-19,94777.26,482
DEAL00390,CUST00159,Deal_390,Proposal,Outbound,Rep_5,19514.28,0.25,2026-04-05,2026-10-12,4878.57,20
DEAL00391,CUST00648,Deal_391,Qualification,Inbound,Rep_10,103714.05,0.25,2024-05-31,2026-08-20,25928.51,694
DEAL00392,CUST00208,Deal_392,Proposal,Partner,Rep_1,61718.29,0.5,2024-05-09,2026-07-16,30859.14,716
DEAL00393,CUST00238,Deal_393,Qualification,Referral,Rep_13,141648.78,0.1,2025-07-13,2026-07-17,14164.88,286
DEAL00394,CUST00851,Deal_394,Proposal,Referral,Rep_12,99979.04,0.0,2024-07-26,2026-06-22,0.0,638
DEAL00395,CUST00730,Deal_395,Closed Won,Partner,Rep_13,158245.6,0.75,2026-01-18,2026-05-06,118684.2,97
DEAL00396,CUST00188,Deal_396,Closed Lost,Outbound,Rep_4,49802.84,0.0,2024-12-17,2026-09-28,0.0,494
DEAL00397,CUST00702,Deal_397,Negotiation,Partner,Rep_8,132954.92,0.1,2026-02-02,2026-04-29,13295.49,82
DEAL00398,CUST00394,Deal_398,Prospecting,Outbound,Rep_3,139128.61,0.5,2026-04-04,2026-10-18,69564.3,21
DEAL00399,CUST00786,Deal_399,Proposal,Partner,Rep_4,98115.82,0.0,2025-11-21,2026-08-17,0.0,155
DEAL00400,CUST00254,Deal_400,Negotiation,Inbound,Rep_2,172369.6,1.0,2026-01-16,2026-06-06,172369.6,99
DEAL00401,CUST00706,Deal_401,Proposal,Referral,Rep_9,33596.27,1.0,2026-01-31,2026-06-29,33596.27,84
DEAL00402,CUST00997,Deal_402,Qualification,Inbound,Rep_5,152890.64,0.9,2025-12-29,2026-09-05,137601.58,117
DEAL00403,CUST00349,Deal_403,Qualification,Outbound,Rep_3,30737.6,0.9,2024-06-27,2026-08-01,27663.84,667
DEAL00404,CUST00322,Deal_404,Proposal,Outbound,Rep_11,35596.37,0.5,2025-02-22,2026-05-09,17798.19,427
DEAL00405,CUST00180,Deal_405,Qualification,Partner,Rep_11,44289.98,0.9,2024-12-06,2026-09-17,39860.98,505
DEAL00406,CUST00835,Deal_406,Qualification,Inbound,Rep_10,133909.96,0.9,2025-02-21,2026-06-12,120518.96,428
DEAL00407,CUST00895,Deal_407,Closed Won,Referral,Rep_12,129607.44,0.25,2024-11-02,2026-10-16,32401.86,539
DEAL00408,CUST00600,Deal_408,Closed Won,Outbound,Rep_7,91947.84,0.0,2025-03-13,2026-04-26,0.0,408
DEAL00409,CUST00777,Deal_409,Prospecting,Partner,Rep_11,66320.52,0.25,2026-03-10,2026-09-04,16580.13,46
DEAL00410,CUST00363,Deal_410,Qualification,Referral,Rep_1,124490.56,0.25,2025-01-22,2026-05-31,31122.64,458
DEAL00411,CUST00304,Deal_411,Proposal,Partner,Rep_9,33116.84,1.0,2025-07-03,2026-04-30,33116.84,296
DEAL00412,CUST00382,Deal_412,Prospecting,Outbound,Rep_7,127588.51,0.0,2025-06-25,2026-06-05,0.0,304
DEAL00413,CUST00828,Deal_413,Negotiation,Referral,Rep_13,7330.61,0.0,2026-03-31,2026-06-14,0.0,25
DEAL00414,CUST00846,Deal_414,Proposal,Partner,Rep_1,33171.44,0.5,2024-08-28,2026-05-10,16585.72,605
DEAL00415,CUST00126,Deal_415,Proposal,Outbound,Rep_4,143045.6,1.0,2024-11-14,2026-07-06,143045.6,527
DEAL00416,CUST00374,Deal_416,Qualification,Partner,Rep_15,175424.16,0.9,2025-08-21,2026-06-30,157881.74,247
DEAL00417,CUST00180,Deal_417,Qualification,Partner,Rep_7,19742.01,0.0,2025-10-15,2026-07-14,0.0,192
DEAL00418,CUST00555,Deal_418,Closed Won,Partner,Rep_4,129559.58,0.1,2024-07-23,2026-05-24,12955.96,641
DEAL00419,CUST00715,Deal_419,Closed Won,Referral,Rep_7,17071.65,1.0,2025-11-04,2026-05-21,17071.65,172
DEAL00420,CUST00894,Deal_420,Closed Lost,Referral,Rep_3,176399.08,0.75,2026-01-11,2026-07-21,132299.31,104
DEAL00421,CUST00818,Deal_421,Negotiation,Outbound,Rep_4,81374.66,0.0,2024-06-03,2026-10-11,0.0,691
DEAL00422,CUST00619,Deal_422,Negotiation,Partner,Rep_12,149529.31,0.9,2025-11-26,2026-06-27,134576.38,150
DEAL00423,CUST00088,Deal_423,Qualification,Referral,Rep_3,38686.67,0.0,2024-10-01,2026-10-19,0.0,571
DEAL00424,CUST00526,Deal_424,Negotiation,Referral,Rep_13,172963.32,1.0,2024-08-02,2026-06-02,172963.32,631
DEAL00425,CUST00243,Deal_425,Closed Lost,Partner,Rep_4,88688.23,0.5,2025-09-14,2026-09-06,44344.12,223
DEAL00426,CUST00530,Deal_426,Prospecting,Outbound,Rep_12,45727.16,0.25,2025-02-19,2026-07-06,11431.79,430
DEAL00427,CUST00228,Deal_427,Proposal,Inbound,Rep_10,116627.59,0.75,2024-12-24,2026-09-15,87470.69,487
DEAL00428,CUST00077,Deal_428,Prospecting,Partner,Rep_13,61191.46,1.0,2025-03-26,2026-06-19,61191.46,395
DEAL00429,CUST00290,Deal_429,Closed Won,Outbound,Rep_3,60974.8,0.75,2025-09-12,2026-05-05,45731.1,225
DEAL00430,CUST00851,Deal_430,Negotiation,Inbound,Rep_10,27336.35,0.75,2025-05-09,2026-09-08,20502.26,351
DEAL00431,CUST00553,Deal_431,Closed Won,Outbound,Rep_14,46710.02,0.1,2025-10-25,2026-04-25,4671.0,182
DEAL00432,CUST00119,Deal_432,Prospecting,Inbound,Rep_10,160583.38,1.0,2024-09-14,2026-06-07,160583.38,588
DEAL00433,CUST00587,Deal_433,Closed Lost,Inbound,Rep_5,107097.82,1.0,2025-03-21,2026-05-29,107097.82,400
DEAL00434,CUST00895,Deal_434,Prospecting,Outbound,Rep_4,74213.22,0.0,2025-09-06,2026-07-17,0.0,231
DEAL00435,CUST00177,Deal_435,Qualification,Referral,Rep_3,186227.76,0.25,2025-01-14,2026-10-20,46556.94,466
DEAL00436,CUST00218,Deal_436,Qualification,Outbound,Rep_5,160490.58,0.25,2024-07-15,2026-05-02,40122.64,649
DEAL00437,CUST00581,Deal_437,Prospecting,Inbound,Rep_10,65503.07,0.25,2024-09-08,2026-07-04,16375.77,594
DEAL00438,CUST00725,Deal_438,Qualification,Partner,Rep_9,26592.85,0.25,2024-06-04,2026-05-31,6648.21,690
DEAL00439,CUST00905,Deal_439,Proposal,Inbound,Rep_11,40946.65,0.9,2024-05-30,2026-08-03,36851.98,695
DEAL00440,CUST00816,Deal_440,Closed Won,Inbound,Rep_1,136657.88,0.75,2025-11-22,2026-09-04,102493.41,154
DEAL00441,CUST00012,Deal_441,Closed Won,Outbound,Rep_14,114798.0,0.75,2024-05-27,2026-05-15,86098.5,698
DEAL00442,CUST00961,Deal_442,Negotiation,Inbound,Rep_14,196251.65,0.75,2025-11-22,2026-04-29,147188.74,154
DEAL00443,CUST00113,Deal_443,Qualification,Partner,Rep_4,7631.33,0.0,2025-07-06,2026-05-17,0.0,293
DEAL00444,CUST00782,Deal_444,Prospecting,Referral,Rep_13,175974.69,0.5,2024-08-25,2026-07-04,87987.34,608
DEAL00445,CUST00320,Deal_445,Proposal,Partner,Rep_7,7782.5,0.25,2025-05-12,2026-06-28,1945.62,348
DEAL00446,CUST00026,Deal_446,Closed Won,Referral,Rep_4,87828.05,0.9,2025-03-21,2026-09-24,79045.25,400
DEAL00447,CUST00391,Deal_447,Negotiation,Partner,Rep_8,183734.8,0.9,2024-10-17,2026-09-18,165361.32,555
DEAL00448,CUST00055,Deal_448,Negotiation,Referral,Rep_15,133391.0,1.0,2025-07-21,2026-04-26,133391.0,278
DEAL00449,CUST00827,Deal_449,Prospecting,Outbound,Rep_7,118743.44,1.0,2024-07-07,2026-09-11,118743.44,657
DEAL00450,CUST00208,Deal_450,Proposal,Referral,Rep_5,66132.36,0.5,2024-09-27,2026-10-11,33066.18,575
DEAL00451,CUST00591,Deal_451,Negotiation,Outbound,Rep_10,193394.86,0.0,2025-10-04,2026-05-19,0.0,203
DEAL00452,CUST00440,Deal_452,Negotiation,Partner,Rep_4,37803.79,0.0,2024-05-20,2026-08-26,0.0,705
DEAL00453,CUST00836,Deal_453,Prospecting,Inbound,Rep_8,57628.07,0.5,2026-03-15,2026-10-17,28814.04,41
DEAL00454,CUST00926,Deal_454,Qualification,Outbound,Rep_1,93326.37,1.0,2024-06-17,2026-07-15,93326.37,677
DEAL00455,CUST00151,Deal_455,Closed Lost,Referral,Rep_2,29628.34,1.0,2024-11-16,2026-08-28,29628.34,525
DEAL00456,CUST00982,Deal_456,Proposal,Outbound,Rep_5,87591.72,0.0,2026-02-06,2026-09-30,0.0,78
DEAL00457,CUST00463,Deal_457,Closed Won,Outbound,Rep_10,12671.88,0.75,2024-11-03,2026-06-24,9503.91,538
DEAL00458,CUST00913,Deal_458,Qualification,Outbound,Rep_7,185203.16,0.75,2026-04-13,2026-06-07,138902.37,12
DEAL00459,CUST00898,Deal_459,Negotiation,Outbound,Rep_9,67817.13,0.75,2024-05-23,2026-05-03,50862.85,702
DEAL00460,CUST00328,Deal_460,Proposal,Inbound,Rep_3,128591.5,0.0,2026-02-24,2026-09-20,0.0,60
DEAL00461,CUST00198,Deal_461,Qualification,Outbound,Rep_5,174752.78,0.75,2025-01-17,2026-08-05,131064.58,463
DEAL00462,CUST00935,Deal_462,Proposal,Partner,Rep_11,164573.61,1.0,2024-07-02,2026-09-12,164573.61,662
DEAL00463,CUST00504,Deal_463,Proposal,Outbound,Rep_2,175311.2,0.0,2024-05-26,2026-09-12,0.0,699
DEAL00464,CUST00220,Deal_464,Qualification,Outbound,Rep_6,145460.19,0.75,2025-01-15,2026-06-15,109095.14,465
DEAL00465,CUST00304,Deal_465,Qualification,Inbound,Rep_6,42780.05,1.0,2024-09-04,2026-05-22,42780.05,598
DEAL00466,CUST00511,Deal_466,Negotiation,Partner,Rep_4,76476.97,0.0,2025-02-01,2026-08-03,0.0,448
DEAL00467,CUST00773,Deal_467,Proposal,Inbound,Rep_14,104846.18,0.25,2024-10-08,2026-07-22,26211.54,564
DEAL00468,CUST00533,Deal_468,Qualification,Inbound,Rep_13,70705.32,0.9,2024-05-10,2026-10-15,63634.79,715
DEAL00469,CUST00690,Deal_469,Closed Won,Partner,Rep_2,191270.62,0.25,2024-12-30,2026-10-17,47817.66,481
DEAL00470,CUST00404,Deal_470,Closed Won,Partner,Rep_15,162333.21,0.9,2025-07-31,2026-08-11,146099.89,268
DEAL00471,CUST00363,Deal_471,Closed Won,Outbound,Rep_8,160795.58,0.1,2025-12-29,2026-08-06,16079.56,117
DEAL00472,CUST00994,Deal_472,Negotiation,Partner,Rep_8,75415.54,0.0,2026-01-21,2026-10-09,0.0,94
DEAL00473,CUST00071,Deal_473,Qualification,Outbound,Rep_15,152193.51,0.1,2025-11-28,2026-06-17,15219.35,148
DEAL00474,CUST00862,Deal_474,Closed Won,Inbound,Rep_13,124740.27,0.0,2024-11-20,2026-09-26,0.0,521
DEAL00475,CUST00094,Deal_475,Qualification,Outbound,Rep_1,78166.81,0.1,2025-09-05,2026-07-12,7816.68,232
DEAL00476,CUST00719,Deal_476,Negotiation,Outbound,Rep_2,65114.58,0.9,2025-12-10,2026-09-02,58603.12,136
DEAL00477,CUST00475,Deal_477,Qualification,Partner,Rep_4,158822.89,0.5,2024-11-19,2026-07-26,79411.45,522
DEAL00478,CUST00585,Deal_478,Negotiation,Inbound,Rep_13,121376.0,0.25,2025-10-02,2026-07-28,30344.0,205
DEAL00479,CUST00667,Deal_479,Closed Won,Partner,Rep_14,12214.1,0.5,2025-02-15,2026-06-22,6107.05,434
DEAL00480,CUST00770,Deal_480,Proposal,Inbound,Rep_12,9231.31,0.9,2025-12-01,2026-08-21,8308.18,145
DEAL00481,CUST00228,Deal_481,Proposal,Referral,Rep_12,169184.28,0.75,2025-08-10,2026-08-22,126888.21,258
DEAL00482,CUST00347,Deal_482,Closed Lost,Inbound,Rep_1,22514.75,0.5,2026-03-06,2026-05-12,11257.38,50
DEAL00483,CUST00175,Deal_483,Prospecting,Inbound,Rep_6,106275.54,0.0,2024-10-13,2026-09-23,0.0,559
DEAL00484,CUST00808,Deal_484,Qualification,Inbound,Rep_11,123689.44,0.9,2025-01-21,2026-06-24,111320.5,459
DEAL00485,CUST00217,Deal_485,Closed Lost,Inbound,Rep_2,183612.61,0.1,2024-08-28,2026-08-27,18361.26,605
DEAL00486,CUST00548,Deal_486,Negotiation,Outbound,Rep_3,105332.64,0.75,2025-10-12,2026-08-20,78999.48,195
DEAL00487,CUST01000,Deal_487,Proposal,Partner,Rep_11,42835.62,0.1,2025-01-26,2026-06-07,4283.56,454
DEAL00488,CUST00967,Deal_488,Negotiation,Inbound,Rep_9,55830.75,0.0,2026-03-24,2026-10-16,0.0,32
DEAL00489,CUST00397,Deal_489,Qualification,Outbound,Rep_7,14526.92,0.5,2025-09-11,2026-08-14,7263.46,226
DEAL00490,CUST00869,Deal_490,Prospecting,Partner,Rep_4,48301.19,0.5,2025-08-19,2026-10-06,24150.6,249
DEAL00491,CUST00724,Deal_491,Qualification,Outbound,Rep_12,163952.34,0.25,2026-01-31,2026-05-31,40988.08,84
DEAL00492,CUST00662,Deal_492,Qualification,Inbound,Rep_10,152591.33,0.0,2025-06-10,2026-07-06,0.0,319
DEAL00493,CUST00274,Deal_493,Proposal,Partner,Rep_1,20978.86,0.25,2025-07-03,2026-10-14,5244.72,296
DEAL00494,CUST00115,Deal_494,Proposal,Inbound,Rep_13,98521.51,0.9,2024-10-04,2026-09-29,88669.36,568
DEAL00495,CUST00203,Deal_495,Proposal,Referral,Rep_4,63855.42,1.0,2025-01-15,2026-09-14,63855.42,465
DEAL00496,CUST00518,Deal_496,Qualification,Outbound,Rep_10,131740.01,0.5,2026-03-03,2026-08-18,65870.0,53
DEAL00497,CUST00964,Deal_497,Qualification,Inbound,Rep_13,192461.41,0.1,2025-03-08,2026-08-27,19246.14,413
DEAL00498,CUST00835,Deal_498,Proposal,Partner,Rep_6,127983.92,0.25,2024-07-31,2026-09-26,31995.98,633
DEAL00499,CUST00125,Deal_499,Proposal,Partner,Rep_8,150411.41,0.1,2025-12-15,2026-06-10,15041.14,131
DEAL00500,CUST00308,Deal_500,Qualification,Outbound,Rep_11,82635.0,0.9,2024-08-22,2026-06-10,74371.5,611
DEAL00501,CUST00198,Deal_501,Negotiation,Referral,Rep_9,11374.12,1.0,2025-11-07,2026-09-30,11374.12,169
DEAL00502,CUST00719,Deal_502,Qualification,Inbound,Rep_15,86529.26,0.1,2024-06-04,2026-05-09,8652.93,690
DEAL00503,CUST00515,Deal_503,Qualification,Partner,Rep_13,104605.14,0.1,2024-06-10,2026-06-05,10460.51,684
DEAL00504,CUST00913,Deal_504,Closed Won,Referral,Rep_4,101072.59,0.0,2025-08-26,2026-08-21,0.0,242
DEAL00505,CUST00478,Deal_505,Qualification,Partner,Rep_6,50540.9,0.75,2026-03-07,2026-06-25,37905.68,49
DEAL00506,CUST00982,Deal_506,Closed Lost,Outbound,Rep_2,97623.57,0.9,2025-09-22,2026-05-19,87861.21,215
DEAL00507,CUST00895,Deal_507,Closed Lost,Partner,Rep_2,145008.6,1.0,2025-09-19,2026-05-06,145008.6,218
DEAL00508,CUST00066,Deal_508,Negotiation,Referral,Rep_6,65737.92,0.25,2025-01-16,2026-05-03,16434.48,464
DEAL00509,CUST00953,Deal_509,Proposal,Partner,Rep_9,128630.52,0.75,2024-08-14,2026-08-27,96472.89,619
DEAL00510,CUST00208,Deal_510,Closed Won,Referral,Rep_3,34880.65,0.5,2024-05-05,2026-07-23,17440.32,720
DEAL00511,CUST00278,Deal_511,Closed Won,Outbound,Rep_4,59219.0,0.5,2024-05-08,2026-05-31,29609.5,717
DEAL00512,CUST00625,Deal_512,Closed Won,Outbound,Rep_11,177365.94,0.25,2025-12-18,2026-09-08,44341.48,128
DEAL00513,CUST00139,Deal_513,Prospecting,Outbound,Rep_9,127191.36,1.0,2025-08-18,2026-06-09,127191.36,250
DEAL00514,CUST00676,Deal_514,Prospecting,Partner,Rep_9,21738.7,0.0,2025-04-02,2026-10-10,0.0,388
DEAL00515,CUST00309,Deal_515,Qualification,Outbound,Rep_11,56604.18,1.0,2024-07-06,2026-07-28,56604.18,658
DEAL00516,CUST00332,Deal_516,Qualification,Outbound,Rep_15,198822.44,0.9,2026-02-11,2026-08-03,178940.2,73
DEAL00517,CUST00168,Deal_517,Qualification,Outbound,Rep_13,57670.45,0.5,2024-06-24,2026-05-01,28835.22,670
DEAL00518,CUST00547,Deal_518,Proposal,Referral,Rep_5,118199.25,0.5,2025-01-29,2026-09-04,59099.62,451
DEAL00519,CUST00043,Deal_519,Proposal,Outbound,Rep_9,112317.73,0.0,2024-05-21,2026-10-21,0.0,704
DEAL00520,CUST00813,Deal_520,Closed Won,Partner,Rep_5,83460.89,0.5,2025-02-09,2026-08-27,41730.44,440
DEAL00521,CUST00889,Deal_521,Qualification,Partner,Rep_5,11586.67,0.9,2024-05-16,2026-10-06,10428.0,709
DEAL00522,CUST00681,Deal_522,Prospecting,Outbound,Rep_7,60445.71,0.5,2025-09-29,2026-06-23,30222.86,208
DEAL00523,CUST00832,Deal_523,Negotiation,Partner,Rep_15,190903.1,0.0,2026-01-20,2026-05-30,0.0,95
DEAL00524,CUST00271,Deal_524,Proposal,Outbound,Rep_6,8742.23,0.25,2026-01-20,2026-04-25,2185.56,95
DEAL00525,CUST00300,Deal_525,Negotiation,Outbound,Rep_10,144558.28,0.0,2025-07-23,2026-08-31,0.0,276
DEAL00526,CUST00042,Deal_526,Proposal,Partner,Rep_11,179086.18,0.25,2024-10-27,2026-06-04,44771.54,545
DEAL00527,CUST00699,Deal_527,Closed Won,Inbound,Rep_7,153665.39,0.25,2025-08-22,2026-09-07,38416.35,246
DEAL00528,CUST00597,Deal_528,Negotiation,Partner,Rep_10,68033.67,0.75,2025-12-25,2026-06-04,51025.25,121
DEAL00529,CUST00516,Deal_529,Negotiation,Referral,Rep_2,106491.24,0.25,2024-07-09,2026-10-16,26622.81,655
DEAL00530,CUST00327,Deal_530,Prospecting,Referral,Rep_14,174171.77,0.1,2024-09-03,2026-08-25,17417.18,599
DEAL00531,CUST00285,Deal_531,Closed Won,Inbound,Rep_9,195214.26,0.5,2025-08-30,2026-08-09,97607.13,238
DEAL00532,CUST00937,Deal_532,Proposal,Referral,Rep_6,23920.67,0.0,2024-11-04,2026-07-23,0.0,537
DEAL00533,CUST00262,Deal_533,Prospecting,Partner,Rep_9,29248.21,0.25,2025-04-26,2026-10-05,7312.05,364
DEAL00534,CUST00935,Deal_534,Closed Won,Partner,Rep_1,191383.07,0.0,2025-03-11,2026-07-26,0.0,410
DEAL00535,CUST00721,Deal_535,Proposal,Referral,Rep_2,175161.76,1.0,2024-09-17,2026-08-06,175161.76,585
DEAL00536,CUST00996,Deal_536,Prospecting,Outbound,Rep_7,46159.67,0.0,2025-04-13,2026-08-11,0.0,377
DEAL00537,CUST00255,Deal_537,Closed Won,Referral,Rep_12,194170.29,1.0,2025-09-05,2026-04-28,194170.29,232
DEAL00538,CUST00194,Deal_538,Proposal,Inbound,Rep_2,45755.4,1.0,2025-04-24,2026-10-11,45755.4,366
DEAL00539,CUST00081,Deal_539,Closed Won,Referral,Rep_6,22260.48,1.0,2026-04-17,2026-04-26,22260.48,8
DEAL00540,CUST00605,Deal_540,Closed Won,Inbound,Rep_2,137967.71,0.9,2025-02-14,2026-06-10,124170.94,435
DEAL00541,CUST00411,Deal_541,Prospecting,Inbound,Rep_14,110260.22,1.0,2024-10-09,2026-09-19,110260.22,563
DEAL00542,CUST00903,Deal_542,Negotiation,Partner,Rep_10,51734.68,0.9,2024-10-20,2026-05-24,46561.21,552
DEAL00543,CUST00139,Deal_543,Proposal,Referral,Rep_5,186014.18,0.9,2024-12-13,2026-07-15,167412.76,498
DEAL00544,CUST00730,Deal_544,Proposal,Outbound,Rep_6,83826.78,0.75,2025-05-22,2026-05-24,62870.08,338
DEAL00545,CUST00756,Deal_545,Prospecting,Inbound,Rep_7,83566.79,1.0,2026-02-16,2026-08-12,83566.79,68
DEAL00546,CUST00882,Deal_546,Negotiation,Referral,Rep_15,128206.04,0.9,2026-02-06,2026-08-01,115385.44,78
DEAL00547,CUST00501,Deal_547,Closed Won,Referral,Rep_13,50005.03,0.75,2025-01-06,2026-04-25,37503.77,474
DEAL00548,CUST00103,Deal_548,Closed Lost,Partner,Rep_1,119435.26,0.5,2025-03-22,2026-06-21,59717.63,399
DEAL00549,CUST00544,Deal_549,Qualification,Outbound,Rep_2,75977.1,0.1,2024-09-09,2026-06-30,7597.71,593
DEAL00550,CUST00370,Deal_550,Qualification,Outbound,Rep_2,140526.72,0.9,2025-06-09,2026-05-17,126474.05,320
DEAL00551,CUST00855,Deal_551,Proposal,Referral,Rep_1,53302.96,0.9,2025-06-01,2026-10-14,47972.66,328
DEAL00552,CUST00051,Deal_552,Prospecting,Outbound,Rep_3,41165.07,0.75,2024-12-04,2026-09-21,30873.8,507
DEAL00553,CUST00238,Deal_553,Proposal,Inbound,Rep_12,53713.68,0.75,2024-05-16,2026-06-12,40285.26,709
DEAL00554,CUST00040,Deal_554,Closed Lost,Partner,Rep_6,187507.29,0.1,2025-12-16,2026-08-21,18750.73,130
DEAL00555,CUST00903,Deal_555,Qualification,Referral,Rep_12,170599.64,0.25,2025-12-02,2026-10-17,42649.91,144
DEAL00556,CUST00769,Deal_556,Proposal,Outbound,Rep_11,166635.19,0.75,2025-12-17,2026-06-26,124976.39,129
DEAL00557,CUST00921,Deal_557,Negotiation,Referral,Rep_9,157235.46,0.0,2025-01-21,2026-06-11,0.0,459
DEAL00558,CUST00223,Deal_558,Qualification,Outbound,Rep_3,129205.39,0.0,2026-02-22,2026-06-07,0.0,62
DEAL00559,CUST00518,Deal_559,Qualification,Inbound,Rep_12,24187.85,0.1,2024-09-29,2026-06-14,2418.78,573
DEAL00560,CUST00988,Deal_560,Closed Lost,Referral,Rep_15,68307.12,0.5,2025-05-24,2026-08-27,34153.56,336
DEAL00561,CUST00607,Deal_561,Qualification,Partner,Rep_3,114564.4,1.0,2024-06-28,2026-06-04,114564.4,666
DEAL00562,CUST00381,Deal_562,Negotiation,Outbound,Rep_2,25621.2,0.9,2024-04-30,2026-09-26,23059.08,725
DEAL00563,CUST00996,Deal_563,Prospecting,Partner,Rep_13,10872.7,0.9,2025-12-04,2026-07-31,9785.43,142
DEAL00564,CUST00272,Deal_564,Negotiation,Partner,Rep_2,23218.57,0.1,2024-07-24,2026-06-20,2321.86,640
DEAL00565,CUST00399,Deal_565,Qualification,Inbound,Rep_7,26073.58,0.0,2025-08-28,2026-10-11,0.0,240
DEAL00566,CUST00406,Deal_566,Qualification,Inbound,Rep_4,26359.99,0.1,2025-02-09,2026-05-06,2636.0,440
DEAL00567,CUST00146,Deal_567,Prospecting,Outbound,Rep_6,42083.58,0.9,2026-01-24,2026-07-15,37875.22,91
DEAL00568,CUST00434,Deal_568,Prospecting,Referral,Rep_8,102323.85,0.0,2024-08-19,2026-06-23,0.0,614
DEAL00569,CUST00840,Deal_569,Closed Lost,Outbound,Rep_14,60662.88,0.75,2024-12-05,2026-06-27,45497.16,506
DEAL00570,CUST00906,Deal_570,Proposal,Outbound,Rep_14,172725.84,0.25,2025-03-05,2026-04-28,43181.46,416
DEAL00571,CUST00229,Deal_571,Closed Won,Inbound,Rep_5,175847.02,0.5,2025-05-13,2026-10-08,87923.51,347
DEAL00572,CUST00743,Deal_572,Closed Lost,Outbound,Rep_13,184448.7,0.25,2025-10-02,2026-09-18,46112.18,205
DEAL00573,CUST00561,Deal_573,Qualification,Outbound,Rep_3,96876.03,0.25,2026-03-11,2026-08-09,24219.01,45
DEAL00574,CUST00454,Deal_574,Closed Won,Referral,Rep_2,155938.15,0.25,2026-02-15,2026-10-14,38984.54,69
DEAL00575,CUST00363,Deal_575,Closed Won,Outbound,Rep_15,120241.65,0.9,2024-10-29,2026-06-24,108217.48,543
DEAL00576,CUST00251,Deal_576,Negotiation,Referral,Rep_6,33152.66,0.25,2025-08-27,2026-09-30,8288.17,241
DEAL00577,CUST00394,Deal_577,Closed Won,Outbound,Rep_11,128961.23,0.75,2024-07-18,2026-10-18,96720.92,646
DEAL00578,CUST00295,Deal_578,Prospecting,Inbound,Rep_12,168219.1,0.75,2025-05-15,2026-09-30,126164.33,345
DEAL00579,CUST00570,Deal_579,Qualification,Outbound,Rep_8,72848.43,0.75,2024-08-22,2026-06-05,54636.32,611
DEAL00580,CUST00711,Deal_580,Prospecting,Referral,Rep_13,150601.69,0.1,2025-03-15,2026-10-17,15060.17,406
DEAL00581,CUST00682,Deal_581,Closed Won,Partner,Rep_11,156030.86,0.5,2024-09-14,2026-05-14,78015.43,588
DEAL00582,CUST00301,Deal_582,Prospecting,Referral,Rep_13,130498.75,0.75,2025-02-24,2026-08-14,97874.06,425
DEAL00583,CUST00739,Deal_583,Closed Lost,Outbound,Rep_10,177238.49,0.25,2026-04-18,2026-07-29,44309.62,7
DEAL00584,CUST00028,Deal_584,Prospecting,Outbound,Rep_14,33240.17,0.1,2025-08-11,2026-05-14,3324.02,257
DEAL00585,CUST00601,Deal_585,Negotiation,Outbound,Rep_4,169466.25,0.9,2026-03-21,2026-05-10,152519.62,35
DEAL00586,CUST00604,Deal_586,Negotiation,Referral,Rep_2,124092.56,0.75,2026-03-28,2026-06-20,93069.42,28
DEAL00587,CUST00073,Deal_587,Closed Lost,Referral,Rep_3,171854.15,0.25,2024-05-20,2026-05-13,42963.54,705
DEAL00588,CUST00773,Deal_588,Qualification,Inbound,Rep_3,108872.14,0.25,2026-01-21,2026-05-07,27218.04,94
DEAL00589,CUST00313,Deal_589,Qualification,Outbound,Rep_15,68952.69,1.0,2024-12-22,2026-05-14,68952.69,489
DEAL00590,CUST00080,Deal_590,Closed Won,Partner,Rep_9,179952.76,0.9,2025-04-01,2026-08-09,161957.48,389
DEAL00591,CUST00029,Deal_591,Closed Lost,Referral,Rep_10,176093.7,0.1,2025-01-24,2026-07-09,17609.37,456
DEAL00592,CUST00747,Deal_592,Prospecting,Referral,Rep_4,57197.14,0.25,2025-10-25,2026-10-18,14299.28,182
DEAL00593,CUST00311,Deal_593,Negotiation,Referral,Rep_6,150101.1,0.5,2024-12-01,2026-09-25,75050.55,510
DEAL00594,CUST00663,Deal_594,Qualification,Referral,Rep_13,22802.47,0.75,2024-08-30,2026-05-29,17101.85,603
DEAL00595,CUST00057,Deal_595,Closed Won,Partner,Rep_9,21765.7,0.1,2026-01-03,2026-10-10,2176.57,112
DEAL00596,CUST00658,Deal_596,Closed Won,Inbound,Rep_12,104723.87,0.75,2025-06-30,2026-09-09,78542.9,299
DEAL00597,CUST00410,Deal_597,Closed Won,Partner,Rep_14,11973.51,0.75,2026-02-26,2026-07-09,8980.13,58
DEAL00598,CUST00495,Deal_598,Proposal,Partner,Rep_10,89581.85,0.9,2025-07-31,2026-05-18,80623.67,268
DEAL00599,CUST00133,Deal_599,Qualification,Referral,Rep_8,159195.79,0.5,2025-01-05,2026-07-02,79597.9,475
DEAL00600,CUST00904,Deal_600,Negotiation,Referral,Rep_13,178447.37,0.5,2024-12-22,2026-09-30,89223.68,489
DEAL00601,CUST01000,Deal_601,Closed Won,Outbound,Rep_12,54682.38,0.0,2024-08-22,2026-06-21,0.0,611
DEAL00602,CUST00147,Deal_602,Closed Lost,Inbound,Rep_9,20011.15,0.9,2024-04-30,2026-07-31,18010.04,725
DEAL00603,CUST00229,Deal_603,Proposal,Inbound,Rep_6,127977.61,0.75,2026-01-18,2026-06-23,95983.21,97
DEAL00604,CUST00924,Deal_604,Qualification,Inbound,Rep_14,56642.4,0.5,2026-02-10,2026-08-11,28321.2,74
DEAL00605,CUST00708,Deal_605,Prospecting,Outbound,Rep_13,9572.39,0.75,2025-09-10,2026-05-05,7179.29,227
DEAL00606,CUST00596,Deal_606,Closed Won,Inbound,Rep_2,30583.61,0.0,2025-08-29,2026-07-06,0.0,239
DEAL00607,CUST00562,Deal_607,Proposal,Partner,Rep_5,187979.37,0.1,2025-12-07,2026-06-03,18797.94,139
DEAL00608,CUST00854,Deal_608,Negotiation,Referral,Rep_10,175639.88,0.9,2024-08-13,2026-10-16,158075.89,620
DEAL00609,CUST00332,Deal_609,Qualification,Partner,Rep_3,166775.39,0.9,2025-01-17,2026-07-07,150097.85,463
DEAL00610,CUST00449,Deal_610,Prospecting,Partner,Rep_3,71197.34,0.5,2025-05-25,2026-05-28,35598.67,335
DEAL00611,CUST00776,Deal_611,Closed Lost,Inbound,Rep_10,144331.93,1.0,2025-11-08,2026-06-25,144331.93,168
DEAL00612,CUST00444,Deal_612,Closed Won,Referral,Rep_12,191617.88,1.0,2024-06-11,2026-07-12,191617.88,683
DEAL00613,CUST00442,Deal_613,Proposal,Inbound,Rep_1,115678.31,0.1,2026-03-04,2026-10-14,11567.83,52
DEAL00614,CUST00411,Deal_614,Proposal,Inbound,Rep_11,69953.76,0.75,2026-04-15,2026-07-28,52465.32,10
DEAL00615,CUST00213,Deal_615,Closed Lost,Referral,Rep_4,160869.24,0.5,2025-08-27,2026-04-29,80434.62,241
DEAL00616,CUST00109,Deal_616,Qualification,Outbound,Rep_13,88915.81,0.0,2024-08-07,2026-06-14,0.0,626
DEAL00617,CUST00502,Deal_617,Closed Won,Outbound,Rep_7,117582.02,0.0,2024-07-03,2026-07-30,0.0,661
DEAL00618,CUST00545,Deal_618,Prospecting,Outbound,Rep_3,110536.21,0.75,2026-01-15,2026-06-21,82902.16,100
DEAL00619,CUST00102,Deal_619,Closed Won,Referral,Rep_7,47396.48,0.1,2025-04-20,2026-08-25,4739.65,370
DEAL00620,CUST00481,Deal_620,Negotiation,Partner,Rep_6,5130.15,0.25,2024-04-25,2026-07-26,1282.54,730
DEAL00621,CUST00686,Deal_621,Proposal,Partner,Rep_14,199773.03,0.5,2025-11-20,2026-04-27,99886.52,156
DEAL00622,CUST00421,Deal_622,Closed Won,Referral,Rep_12,86282.2,1.0,2024-06-22,2026-05-17,86282.2,672
DEAL00623,CUST00749,Deal_623,Prospecting,Inbound,Rep_1,60344.21,1.0,2024-06-09,2026-05-04,60344.21,685
DEAL00624,CUST00889,Deal_624,Qualification,Inbound,Rep_14,154346.91,0.5,2024-07-13,2026-06-10,77173.46,651
DEAL00625,CUST00453,Deal_625,Proposal,Referral,Rep_5,120542.32,0.9,2025-06-21,2026-05-26,108488.09,308
DEAL00626,CUST00639,Deal_626,Negotiation,Inbound,Rep_11,176689.68,0.25,2025-08-14,2026-08-23,44172.42,254
DEAL00627,CUST00911,Deal_627,Prospecting,Inbound,Rep_6,157314.7,1.0,2025-11-07,2026-06-11,157314.7,169
DEAL00628,CUST00734,Deal_628,Proposal,Outbound,Rep_11,59945.01,1.0,2025-02-23,2026-09-26,59945.01,426
DEAL00629,CUST00707,Deal_629,Qualification,Referral,Rep_9,120487.63,1.0,2025-06-08,2026-05-30,120487.63,321
DEAL00630,CUST00412,Deal_630,Negotiation,Outbound,Rep_10,103026.88,1.0,2025-06-15,2026-07-21,103026.88,314
DEAL00631,CUST00703,Deal_631,Closed Lost,Partner,Rep_6,191241.32,0.5,2025-04-22,2026-06-17,95620.66,368
DEAL00632,CUST00094,Deal_632,Qualification,Partner,Rep_11,51716.18,0.75,2025-01-25,2026-05-14,38787.14,455
DEAL00633,CUST00484,Deal_633,Qualification,Partner,Rep_8,60347.73,0.1,2024-12-09,2026-09-02,6034.77,502
DEAL00634,CUST00771,Deal_634,Negotiation,Partner,Rep_2,184483.5,0.25,2025-05-04,2026-09-02,46120.88,356
DEAL00635,CUST00820,Deal_635,Proposal,Inbound,Rep_1,94273.12,0.9,2025-03-23,2026-10-09,84845.81,398
DEAL00636,CUST00044,Deal_636,Closed Won,Inbound,Rep_14,94164.63,0.9,2025-11-29,2026-06-23,84748.17,147
DEAL00637,CUST00316,Deal_637,Qualification,Outbound,Rep_15,174300.68,0.0,2025-08-17,2026-08-25,0.0,251
DEAL00638,CUST00058,Deal_638,Proposal,Referral,Rep_1,62729.85,0.75,2025-08-03,2026-05-17,47047.39,265
DEAL00639,CUST00607,Deal_639,Proposal,Inbound,Rep_14,140895.04,0.1,2026-03-06,2026-05-24,14089.5,50
DEAL00640,CUST00142,Deal_640,Qualification,Referral,Rep_7,145697.0,0.9,2025-05-11,2026-10-08,131127.3,349
DEAL00641,CUST00390,Deal_641,Closed Won,Outbound,Rep_15,91267.68,0.9,2025-01-16,2026-10-09,82140.91,464
DEAL00642,CUST00787,Deal_642,Closed Won,Partner,Rep_15,70122.3,0.1,2025-11-12,2026-06-11,7012.23,164
DEAL00643,CUST00446,Deal_643,Qualification,Inbound,Rep_15,150597.85,0.25,2024-12-10,2026-06-08,37649.46,501
DEAL00644,CUST00005,Deal_644,Negotiation,Partner,Rep_8,54905.13,0.5,2025-11-04,2026-05-31,27452.56,172
DEAL00645,CUST00759,Deal_645,Qualification,Outbound,Rep_8,164765.43,0.5,2024-07-11,2026-09-21,82382.72,653
DEAL00646,CUST00433,Deal_646,Closed Won,Referral,Rep_12,86200.24,0.0,2025-04-20,2026-06-15,0.0,370
DEAL00647,CUST00435,Deal_647,Qualification,Inbound,Rep_3,8583.58,0.1,2024-06-24,2026-04-26,858.36,670
DEAL00648,CUST00123,Deal_648,Qualification,Referral,Rep_5,116007.87,0.1,2024-05-01,2026-05-08,11600.79,724
DEAL00649,CUST00794,Deal_649,Closed Lost,Referral,Rep_15,42911.47,1.0,2025-01-20,2026-05-12,42911.47,460
DEAL00650,CUST00626,Deal_650,Proposal,Partner,Rep_7,95980.22,0.1,2025-09-27,2026-08-16,9598.02,210
DEAL00651,CUST00952,Deal_651,Negotiation,Inbound,Rep_14,162625.42,0.75,2024-11-23,2026-10-19,121969.06,518
DEAL00652,CUST00759,Deal_652,Closed Won,Outbound,Rep_13,42052.54,0.75,2024-10-06,2026-05-09,31539.4,566
DEAL00653,CUST00876,Deal_653,Negotiation,Inbound,Rep_15,45582.0,0.1,2024-12-11,2026-05-31,4558.2,500
DEAL00654,CUST00018,Deal_654,Negotiation,Referral,Rep_14,97399.97,0.75,2026-02-21,2026-09-01,73049.98,63
DEAL00655,CUST00485,Deal_655,Proposal,Partner,Rep_9,97917.72,0.5,2025-04-23,2026-08-21,48958.86,367
DEAL00656,CUST00685,Deal_656,Closed Lost,Referral,Rep_5,93465.64,0.1,2024-05-09,2026-08-09,9346.56,716
DEAL00657,CUST00511,Deal_657,Prospecting,Referral,Rep_15,140426.13,0.5,2024-08-20,2026-07-17,70213.06,613
DEAL00658,CUST00740,Deal_658,Closed Won,Inbound,Rep_13,57474.1,0.5,2024-07-21,2026-07-07,28737.05,643
DEAL00659,CUST00223,Deal_659,Closed Won,Referral,Rep_14,55802.92,0.75,2025-09-22,2026-07-02,41852.19,215
DEAL00660,CUST00722,Deal_660,Negotiation,Inbound,Rep_13,9360.41,0.0,2024-08-16,2026-05-26,0.0,617
DEAL00661,CUST00244,Deal_661,Qualification,Inbound,Rep_15,79438.26,0.9,2024-12-07,2026-06-20,71494.43,504
DEAL00662,CUST00009,Deal_662,Prospecting,Referral,Rep_4,43175.78,0.9,2026-02-08,2026-06-24,38858.2,76
DEAL00663,CUST00346,Deal_663,Proposal,Partner,Rep_15,120361.67,0.25,2024-12-24,2026-04-29,30090.42,487
DEAL00664,CUST00898,Deal_664,Closed Won,Referral,Rep_4,40328.28,0.0,2025-06-19,2026-07-18,0.0,310
DEAL00665,CUST00122,Deal_665,Closed Won,Partner,Rep_6,179433.56,0.25,2024-04-26,2026-09-17,44858.39,729
DEAL00666,CUST00480,Deal_666,Negotiation,Referral,Rep_9,170557.79,0.9,2025-06-29,2026-06-11,153502.01,300
DEAL00667,CUST00298,Deal_667,Closed Lost,Outbound,Rep_14,154208.14,0.1,2025-04-19,2026-06-03,15420.81,371
DEAL00668,CUST00365,Deal_668,Closed Lost,Outbound,Rep_13,162662.22,0.9,2026-01-20,2026-07-01,146396.0,95
DEAL00669,CUST00326,Deal_669,Proposal,Outbound,Rep_1,192118.74,1.0,2025-08-08,2026-07-29,192118.74,260
DEAL00670,CUST00852,Deal_670,Qualification,Referral,Rep_1,67362.74,0.75,2026-04-07,2026-06-19,50522.06,18
DEAL00671,CUST00840,Deal_671,Proposal,Referral,Rep_1,196072.54,0.9,2025-11-28,2026-09-03,176465.29,148
DEAL00672,CUST00109,Deal_672,Closed Won,Partner,Rep_4,178651.92,0.1,2025-11-25,2026-09-16,17865.19,151
DEAL00673,CUST00836,Deal_673,Proposal,Outbound,Rep_15,75568.96,0.1,2024-09-18,2026-06-15,7556.9,584
DEAL00674,CUST00857,Deal_674,Qualification,Inbound,Rep_4,173494.41,0.25,2025-01-13,2026-08-27,43373.6,467
DEAL00675,CUST00543,Deal_675,Closed Won,Outbound,Rep_11,179974.44,0.25,2024-05-23,2026-10-11,44993.61,702
DEAL00676,CUST00122,Deal_676,Negotiation,Outbound,Rep_8,12037.22,0.1,2024-09-08,2026-10-02,1203.72,594
DEAL00677,CUST00275,Deal_677,Closed Lost,Inbound,Rep_14,175812.66,0.5,2025-12-28,2026-05-12,87906.33,118
DEAL00678,CUST00071,Deal_678,Proposal,Outbound,Rep_5,89482.7,1.0,2025-07-12,2026-09-26,89482.7,287
DEAL00679,CUST00175,Deal_679,Closed Lost,Outbound,Rep_14,163212.07,0.25,2025-04-07,2026-08-30,40803.02,383
DEAL00680,CUST00293,Deal_680,Qualification,Partner,Rep_10,26676.98,0.0,2025-03-20,2026-05-19,0.0,401
DEAL00681,CUST00862,Deal_681,Closed Won,Outbound,Rep_4,38576.47,1.0,2024-06-17,2026-06-24,38576.47,677
DEAL00682,CUST00475,Deal_682,Proposal,Inbound,Rep_8,195861.34,0.75,2024-07-09,2026-09-09,146896.0,655
DEAL00683,CUST00721,Deal_683,Closed Won,Inbound,Rep_7,86155.2,0.5,2025-02-10,2026-07-13,43077.6,439
DEAL00684,CUST00736,Deal_684,Closed Lost,Outbound,Rep_14,160698.79,0.0,2026-02-04,2026-09-03,0.0,80
DEAL00685,CUST00019,Deal_685,Negotiation,Referral,Rep_6,151297.6,0.0,2025-07-25,2026-08-30,0.0,274
DEAL00686,CUST00729,Deal_686,Closed Won,Outbound,Rep_2,158279.61,0.0,2025-05-19,2026-09-30,0.0,341
DEAL00687,CUST00093,Deal_687,Closed Lost,Inbound,Rep_5,154101.36,0.75,2026-01-13,2026-05-26,115576.02,102
DEAL00688,CUST00409,Deal_688,Proposal,Inbound,Rep_13,183222.12,0.0,2024-06-04,2026-09-23,0.0,690
DEAL00689,CUST00053,Deal_689,Proposal,Inbound,Rep_12,120554.44,0.75,2026-04-11,2026-06-22,90415.83,14
DEAL00690,CUST00992,Deal_690,Closed Won,Referral,Rep_2,87963.69,1.0,2025-07-14,2026-09-17,87963.69,285
DEAL00691,CUST00485,Deal_691,Negotiation,Referral,Rep_6,185419.82,0.1,2024-08-09,2026-08-19,18541.98,624
DEAL00692,CUST00587,Deal_692,Closed Won,Referral,Rep_9,74605.8,0.5,2025-05-22,2026-07-25,37302.9,338
DEAL00693,CUST00644,Deal_693,Negotiation,Outbound,Rep_9,127986.26,0.25,2025-03-30,2026-08-20,31996.56,391
DEAL00694,CUST00558,Deal_694,Closed Won,Inbound,Rep_6,171767.52,0.1,2024-08-06,2026-09-01,17176.75,627
DEAL00695,CUST00415,Deal_695,Prospecting,Outbound,Rep_4,183623.39,0.9,2026-02-03,2026-09-20,165261.05,81
DEAL00696,CUST00548,Deal_696,Qualification,Outbound,Rep_10,190138.87,0.25,2024-06-04,2026-08-26,47534.72,690
DEAL00697,CUST00132,Deal_697,Closed Won,Referral,Rep_12,133686.88,0.9,2026-03-18,2026-08-18,120318.19,38
DEAL00698,CUST00642,Deal_698,Proposal,Outbound,Rep_9,145439.07,0.1,2024-04-28,2026-10-11,14543.91,727
DEAL00699,CUST00679,Deal_699,Proposal,Partner,Rep_5,102016.54,0.75,2024-05-04,2026-08-29,76512.4,721
DEAL00700,CUST00243,Deal_700,Closed Lost,Referral,Rep_8,60554.04,0.0,2025-11-06,2026-08-06,0.0,170
DEAL00701,CUST00737,Deal_701,Negotiation,Referral,Rep_12,8155.01,0.75,2024-07-07,2026-09-24,6116.26,657
DEAL00702,CUST00812,Deal_702,Qualification,Inbound,Rep_9,48297.94,0.5,2024-06-11,2026-06-16,24148.97,683
DEAL00703,CUST00091,Deal_703,Proposal,Partner,Rep_5,196092.07,0.25,2024-08-26,2026-09-08,49023.02,607
DEAL00704,CUST00346,Deal_704,Proposal,Partner,Rep_6,162244.46,0.0,2024-09-22,2026-10-11,0.0,580
DEAL00705,CUST00915,Deal_705,Closed Lost,Partner,Rep_4,98412.02,0.9,2025-12-27,2026-05-22,88570.82,119
DEAL00706,CUST00889,Deal_706,Closed Won,Inbound,Rep_12,72000.27,0.9,2025-08-26,2026-10-06,64800.24,242
DEAL00707,CUST00364,Deal_707,Proposal,Outbound,Rep_1,17547.15,0.5,2025-05-22,2026-06-24,8773.58,338
DEAL00708,CUST00809,Deal_708,Proposal,Outbound,Rep_1,6976.69,1.0,2025-07-18,2026-06-22,6976.69,281
DEAL00709,CUST00122,Deal_709,Closed Lost,Inbound,Rep_5,152236.81,1.0,2026-04-06,2026-10-01,152236.81,19
DEAL00710,CUST00359,Deal_710,Negotiation,Outbound,Rep_3,197186.81,0.0,2026-04-24,2026-10-10,0.0,1
DEAL00711,CUST00865,Deal_711,Proposal,Partner,Rep_7,54496.64,0.25,2026-01-22,2026-07-08,13624.16,93
DEAL00712,CUST00806,Deal_712,Proposal,Inbound,Rep_13,58534.67,0.75,2026-03-16,2026-08-16,43901.0,40
DEAL00713,CUST00970,Deal_713,Qualification,Partner,Rep_4,187261.6,1.0,2024-12-08,2026-08-28,187261.6,503
DEAL00714,CUST00705,Deal_714,Closed Lost,Partner,Rep_4,122402.05,0.1,2025-01-16,2026-09-23,12240.21,464
DEAL00715,CUST00114,Deal_715,Closed Won,Inbound,Rep_4,38893.17,0.5,2025-01-08,2026-06-28,19446.58,472
DEAL00716,CUST00419,Deal_716,Proposal,Referral,Rep_6,13908.87,0.0,2025-07-13,2026-08-18,0.0,286
DEAL00717,CUST00523,Deal_717,Qualification,Inbound,Rep_9,114897.28,0.1,2025-08-15,2026-07-21,11489.73,253
DEAL00718,CUST00187,Deal_718,Qualification,Inbound,Rep_12,93248.67,0.1,2026-04-16,2026-05-04,9324.87,9
DEAL00719,CUST00078,Deal_719,Proposal,Referral,Rep_12,89258.41,0.0,2024-09-16,2026-07-25,0.0,586
DEAL00720,CUST00582,Deal_720,Proposal,Referral,Rep_13,194006.54,0.5,2025-11-30,2026-06-13,97003.27,146
DEAL00721,CUST00811,Deal_721,Proposal,Partner,Rep_9,56261.12,0.9,2024-05-24,2026-07-30,50635.01,701
DEAL00722,CUST00487,Deal_722,Closed Won,Referral,Rep_13,100158.17,0.25,2025-12-07,2026-06-26,25039.54,139
DEAL00723,CUST00616,Deal_723,Closed Lost,Referral,Rep_11,46602.08,0.9,2024-05-02,2026-07-19,41941.87,723
DEAL00724,CUST00857,Deal_724,Proposal,Partner,Rep_5,67748.88,0.75,2024-10-10,2026-08-01,50811.66,562
DEAL00725,CUST00727,Deal_725,Qualification,Partner,Rep_13,154349.21,0.25,2024-04-29,2026-06-21,38587.3,726
DEAL00726,CUST00630,Deal_726,Closed Won,Partner,Rep_11,43473.6,0.0,2025-03-15,2026-06-09,0.0,406
DEAL00727,CUST00005,Deal_727,Proposal,Partner,Rep_13,136914.47,0.5,2024-09-23,2026-07-22,68457.24,579
DEAL00728,CUST00666,Deal_728,Qualification,Inbound,Rep_8,30280.67,0.0,2025-03-24,2026-05-22,0.0,397
DEAL00729,CUST00722,Deal_729,Qualification,Partner,Rep_4,42161.69,0.5,2025-05-10,2026-08-22,21080.84,350
DEAL00730,CUST00800,Deal_730,Qualification,Inbound,Rep_12,9503.2,0.5,2025-11-26,2026-06-22,4751.6,150
DEAL00731,CUST00303,Deal_731,Prospecting,Partner,Rep_8,127940.59,0.1,2025-06-18,2026-04-28,12794.06,311
DEAL00732,CUST00952,Deal_732,Closed Lost,Inbound,Rep_10,198112.5,0.0,2025-07-22,2026-08-13,0.0,277
DEAL00733,CUST00981,Deal_733,Proposal,Inbound,Rep_15,133012.69,0.5,2025-03-17,2026-08-26,66506.34,404
DEAL00734,CUST00090,Deal_734,Prospecting,Inbound,Rep_9,185047.64,0.75,2025-06-28,2026-10-10,138785.73,301
DEAL00735,CUST00562,Deal_735,Qualification,Inbound,Rep_12,107649.54,0.75,2025-12-06,2026-08-15,80737.16,140
DEAL00736,CUST00355,Deal_736,Qualification,Referral,Rep_8,137655.85,0.5,2025-11-27,2026-06-23,68827.92,149
DEAL00737,CUST00202,Deal_737,Negotiation,Inbound,Rep_8,185478.93,0.0,2025-02-06,2026-06-25,0.0,443
DEAL00738,CUST00954,Deal_738,Closed Won,Referral,Rep_14,21812.71,0.25,2024-06-23,2026-05-05,5453.18,671
DEAL00739,CUST00668,Deal_739,Qualification,Referral,Rep_9,121500.23,0.0,2024-08-30,2026-05-14,0.0,603
DEAL00740,CUST00095,Deal_740,Closed Lost,Inbound,Rep_13,117228.15,0.75,2025-05-12,2026-09-06,87921.11,348
DEAL00741,CUST00591,Deal_741,Closed Won,Partner,Rep_10,11464.54,0.25,2024-10-11,2026-07-28,2866.14,561
DEAL00742,CUST00695,Deal_742,Closed Won,Referral,Rep_14,35458.87,0.25,2025-10-28,2026-06-25,8864.72,179
DEAL00743,CUST00826,Deal_743,Qualification,Inbound,Rep_8,112708.15,0.0,2024-05-21,2026-09-06,0.0,704
DEAL00744,CUST00168,Deal_744,Proposal,Outbound,Rep_4,102046.65,0.25,2025-12-31,2026-08-21,25511.66,115
DEAL00745,CUST00698,Deal_745,Proposal,Referral,Rep_14,72046.52,0.5,2024-04-29,2026-06-27,36023.26,726
DEAL00746,CUST00840,Deal_746,Proposal,Partner,Rep_5,141054.94,1.0,2025-07-13,2026-09-03,141054.94,286
DEAL00747,CUST00430,Deal_747,Qualification,Outbound,Rep_10,75245.22,0.1,2025-09-14,2026-09-13,7524.52,223
DEAL00748,CUST00842,Deal_748,Closed Lost,Referral,Rep_6,154929.41,0.0,2026-01-23,2026-07-19,0.0,92
DEAL00749,CUST00685,Deal_749,Closed Won,Inbound,Rep_5,162801.27,0.5,2025-02-26,2026-09-22,81400.63,423
DEAL00750,CUST00650,Deal_750,Qualification,Inbound,Rep_9,130692.73,0.75,2024-07-08,2026-07-22,98019.55,656
DEAL00751,CUST00358,Deal_751,Closed Won,Inbound,Rep_13,59401.29,0.75,2025-04-04,2026-05-30,44550.97,386
DEAL00752,CUST00722,Deal_752,Negotiation,Inbound,Rep_13,161518.33,0.75,2025-05-13,2026-07-23,121138.75,347
DEAL00753,CUST00816,Deal_753,Prospecting,Partner,Rep_15,54098.5,0.75,2025-01-02,2026-05-18,40573.88,478
DEAL00754,CUST00732,Deal_754,Qualification,Partner,Rep_13,64086.86,1.0,2026-01-31,2026-07-15,64086.86,84
DEAL00755,CUST00702,Deal_755,Prospecting,Referral,Rep_2,123717.07,0.1,2024-10-20,2026-05-15,12371.71,552
DEAL00756,CUST00796,Deal_756,Prospecting,Inbound,Rep_6,139363.9,0.0,2025-05-12,2026-06-26,0.0,348
DEAL00757,CUST00114,Deal_757,Qualification,Outbound,Rep_13,77401.62,1.0,2026-01-10,2026-06-10,77401.62,105
DEAL00758,CUST00532,Deal_758,Proposal,Referral,Rep_10,120320.59,0.25,2025-01-06,2026-07-02,30080.15,474
DEAL00759,CUST00600,Deal_759,Proposal,Outbound,Rep_2,53357.78,0.5,2025-08-03,2026-05-09,26678.89,265
DEAL00760,CUST00505,Deal_760,Prospecting,Inbound,Rep_11,159988.96,0.75,2026-03-14,2026-09-30,119991.72,42
DEAL00761,CUST00326,Deal_761,Proposal,Inbound,Rep_15,198464.99,0.25,2025-07-24,2026-04-28,49616.25,275
DEAL00762,CUST00297,Deal_762,Qualification,Inbound,Rep_8,141181.75,0.5,2025-10-08,2026-08-29,70590.88,199
DEAL00763,CUST00368,Deal_763,Proposal,Referral,Rep_8,67276.22,0.1,2025-04-14,2026-09-03,6727.62,376
DEAL00764,CUST00864,Deal_764,Qualification,Outbound,Rep_5,73007.69,0.9,2025-10-30,2026-10-13,65706.92,177
DEAL00765,CUST00774,Deal_765,Negotiation,Inbound,Rep_15,10952.46,0.1,2024-09-15,2026-08-16,1095.25,587
DEAL00766,CUST00395,Deal_766,Prospecting,Inbound,Rep_12,131155.88,0.9,2025-10-21,2026-07-16,118040.29,186
DEAL00767,CUST00030,Deal_767,Proposal,Inbound,Rep_10,122004.13,0.75,2025-12-16,2026-09-25,91503.1,130
DEAL00768,CUST00387,Deal_768,Closed Won,Referral,Rep_8,191144.78,0.25,2025-12-10,2026-10-19,47786.2,136
DEAL00769,CUST00968,Deal_769,Proposal,Referral,Rep_5,83416.23,1.0,2025-08-20,2026-10-02,83416.23,248
DEAL00770,CUST00929,Deal_770,Proposal,Inbound,Rep_4,186920.2,0.25,2026-03-13,2026-09-03,46730.05,43
DEAL00771,CUST00054,Deal_771,Prospecting,Outbound,Rep_9,153248.33,0.5,2025-12-16,2026-06-25,76624.16,130
DEAL00772,CUST00687,Deal_772,Negotiation,Inbound,Rep_8,61160.61,0.9,2025-03-01,2026-08-04,55044.55,420
DEAL00773,CUST00979,Deal_773,Closed Lost,Referral,Rep_4,8204.41,0.0,2026-02-21,2026-07-21,0.0,63
DEAL00774,CUST00762,Deal_774,Qualification,Inbound,Rep_2,146698.93,0.9,2026-04-07,2026-10-03,132029.04,18
DEAL00775,CUST00010,Deal_775,Proposal,Partner,Rep_2,101787.81,0.5,2026-04-16,2026-08-28,50893.9,9
DEAL00776,CUST00787,Deal_776,Negotiation,Outbound,Rep_2,192561.92,0.25,2026-02-16,2026-05-28,48140.48,68
DEAL00777,CUST00265,Deal_777,Prospecting,Partner,Rep_14,9310.5,1.0,2025-07-13,2026-09-01,9310.5,286
DEAL00778,CUST00135,Deal_778,Closed Lost,Referral,Rep_11,106771.44,0.25,2024-07-29,2026-06-06,26692.86,635
DEAL00779,CUST00573,Deal_779,Proposal,Partner,Rep_12,158820.51,0.5,2025-04-03,2026-07-05,79410.26,387
DEAL00780,CUST00526,Deal_780,Prospecting,Outbound,Rep_14,159005.68,1.0,2026-04-09,2026-10-18,159005.68,16
DEAL00781,CUST00258,Deal_781,Qualification,Outbound,Rep_13,136051.6,1.0,2024-12-24,2026-05-15,136051.6,487
DEAL00782,CUST00406,Deal_782,Proposal,Partner,Rep_15,81902.63,0.9,2026-01-21,2026-09-11,73712.37,94
DEAL00783,CUST00444,Deal_783,Qualification,Inbound,Rep_13,18112.33,0.0,2025-10-14,2026-05-30,0.0,193
DEAL00784,CUST00301,Deal_784,Negotiation,Partner,Rep_10,63843.02,0.0,2025-05-24,2026-08-25,0.0,336
DEAL00785,CUST00788,Deal_785,Qualification,Referral,Rep_12,131974.72,1.0,2025-01-25,2026-04-25,131974.72,455
DEAL00786,CUST00026,Deal_786,Qualification,Partner,Rep_8,155356.49,0.75,2026-02-27,2026-10-11,116517.37,57
DEAL00787,CUST00443,Deal_787,Qualification,Partner,Rep_6,164389.14,0.5,2024-08-02,2026-08-05,82194.57,631
DEAL00788,CUST00964,Deal_788,Closed Won,Referral,Rep_1,155945.84,0.25,2025-09-22,2026-09-15,38986.46,215
DEAL00789,CUST00039,Deal_789,Qualification,Partner,Rep_12,68139.39,0.75,2026-04-19,2026-06-12,51104.54,6
DEAL00790,CUST00246,Deal_790,Prospecting,Partner,Rep_13,140347.36,0.0,2024-07-23,2026-04-30,0.0,641
DEAL00791,CUST01000,Deal_791,Proposal,Referral,Rep_10,193970.36,0.75,2026-02-07,2026-08-26,145477.77,77
DEAL00792,CUST00663,Deal_792,Qualification,Partner,Rep_4,31617.81,0.9,2025-05-26,2026-05-07,28456.03,334
DEAL00793,CUST00208,Deal_793,Closed Lost,Partner,Rep_3,147615.47,0.0,2025-12-17,2026-10-14,0.0,129
DEAL00794,CUST00665,Deal_794,Proposal,Outbound,Rep_10,84946.3,1.0,2024-06-04,2026-05-03,84946.3,690
DEAL00795,CUST00628,Deal_795,Qualification,Referral,Rep_11,48873.76,0.0,2025-12-18,2026-09-27,0.0,128
DEAL00796,CUST00201,Deal_796,Closed Lost,Outbound,Rep_14,67408.29,0.5,2025-07-09,2026-10-03,33704.14,290
DEAL00797,CUST00181,Deal_797,Qualification,Referral,Rep_7,37462.04,0.75,2025-08-08,2026-10-01,28096.53,260
DEAL00798,CUST00381,Deal_798,Closed Won,Inbound,Rep_10,163991.76,0.1,2025-10-10,2026-08-21,16399.18,197
DEAL00799,CUST00907,Deal_799,Negotiation,Outbound,Rep_5,80554.98,0.75,2026-02-03,2026-08-05,60416.24,81
DEAL00800,CUST00793,Deal_800,Proposal,Inbound,Rep_1,187835.77,0.75,2024-06-13,2026-07-22,140876.83,681
